발생일자,시설명,시설관리번호,압력,단위,자료 수집 TAG 설명,TAGSN,변경일자
2020021203,일산정수장,4128112315,1520,㎥,고양 일산(정) 능곡 계통 송수 유량 적산차,13823,
2020021203,일산정수장,4128112315,-48,㎥/h,일산(정) 능곡계통송수유량순시,5202,
2020021203,일산정수장,4128112315,4530,㎥,고양 일산(정) 일산 계통 송수 유량 적산차,13828,
2020021203,일산정수장,4128112315,1403,㎥/h,일산(정) 일산계통송수유량순시,5201,
2020021202,일산정수장,4128112315,1240,㎥,고양 일산(정) 능곡 계통 송수 유량 적산차,13823,
2020021202,일산정수장,4128112315,-48,㎥/h,일산(정) 능곡계통송수유량순시,5202,
2020021202,일산정수장,4128112315,4500,㎥,고양 일산(정) 일산 계통 송수 유량 적산차,13828,
2020021202,일산정수장,4128112315,1403,㎥/h,일산(정) 일산계통송수유량순시,5201,
2020021201,일산정수장,4128112315,1260,㎥,고양 일산(정) 능곡 계통 송수 유량 적산차,13823,
2020021201,일산정수장,4128112315,-48,㎥/h,일산(정) 능곡계통송수유량순시,5202,
2020021201,일산정수장,4128112315,4450,㎥,고양 일산(정) 일산 계통 송수 유량 적산차,13828,
2020021201,일산정수장,4128112315,1403,㎥/h,일산(정) 일산계통송수유량순시,5201,
2020021124,일산정수장,4128112315,1250,㎥,고양 일산(정) 능곡 계통 송수 유량 적산차,13823,
2020021124,일산정수장,4128112315,-48,㎥/h,일산(정) 능곡계통송수유량순시,5202,
2020021124,일산정수장,4128112315,4380,㎥,고양 일산(정) 일산 계통 송수 유량 적산차,13828,
2020021124,일산정수장,4128112315,1403,㎥/h,일산(정) 일산계통송수유량순시,5201,
2020021123,일산정수장,4128112315,1160,㎥,고양 일산(정) 능곡 계통 송수 유량 적산차,13823,
2020021123,일산정수장,4128112315,-48,㎥/h,일산(정) 능곡계통송수유량순시,5202,
2020021123,일산정수장,4128112315,3890,㎥,고양 일산(정) 일산 계통 송수 유량 적산차,13828,
2020021123,일산정수장,4128112315,1403,㎥/h,일산(정) 일산계통송수유량순시,5201,
2020021122,일산정수장,4128112315,1170,㎥,고양 일산(정) 능곡 계통 송수 유량 적산차,13823,
2020021122,일산정수장,4128112315,-48,㎥/h,일산(정) 능곡계통송수유량순시,5202,
2020021122,일산정수장,4128112315,4640,㎥,고양 일산(정) 일산 계통 송수 유량 적산차,13828,
2020021122,일산정수장,4128112315,1403,㎥/h,일산(정) 일산계통송수유량순시,5201,
2020021121,일산정수장,4128112315,1090,㎥,고양 일산(정) 능곡 계통 송수 유량 적산차,13823,
2020021121,일산정수장,4128112315,-48,㎥/h,일산(정) 능곡계통송수유량순시,5202,
2020021121,일산정수장,4128112315,4830,㎥,고양 일산(정) 일산 계통 송수 유량 적산차,13828,
2020021121,일산정수장,4128112315,1403,㎥/h,일산(정) 일산계통송수유량순시,5201,
2020021120,일산정수장,4128112315,1000,㎥,고양 일산(정) 능곡 계통 송수 유량 적산차,13823,
2020021120,일산정수장,4128112315,-48,㎥/h,일산(정) 능곡계통송수유량순시,5202,
2020021120,일산정수장,4128112315,4060,㎥,고양 일산(정) 일산 계통 송수 유량 적산차,13828,
2020021120,일산정수장,4128112315,1403,㎥/h,일산(정) 일산계통송수유량순시,5201,
2020021119,일산정수장,4128112315,1100,㎥,고양 일산(정) 능곡 계통 송수 유량 적산차,13823,
2020021119,일산정수장,4128112315,-48,㎥/h,일산(정) 능곡계통송수유량순시,5202,
2020021119,일산정수장,4128112315,3810,㎥,고양 일산(정) 일산 계통 송수 유량 적산차,13828,
2020021119,일산정수장,4128112315,1403,㎥/h,일산(정) 일산계통송수유량순시,5201,
2020021118,일산정수장,4128112315,1220,㎥,고양 일산(정) 능곡 계통 송수 유량 적산차,13823,
2020021118,일산정수장,4128112315,-48,㎥/h,일산(정) 능곡계통송수유량순시,5202,
2020021118,일산정수장,4128112315,3650,㎥,고양 일산(정) 일산 계통 송수 유량 적산차,13828,
2020021118,일산정수장,4128112315,1403,㎥/h,일산(정) 일산계통송수유량순시,5201,
2020021117,일산정수장,4128112315,1800,㎥,고양 일산(정) 능곡 계통 송수 유량 적산차,13823,
2020021117,일산정수장,4128112315,-48,㎥/h,일산(정) 능곡계통송수유량순시,5202,
2020021117,일산정수장,4128112315,3970,㎥,고양 일산(정) 일산 계통 송수 유량 적산차,13828,
2020021117,일산정수장,4128112315,1403,㎥/h,일산(정) 일산계통송수유량순시,5201,
2020021116,일산정수장,4128112315,1740,㎥,고양 일산(정) 능곡 계통 송수 유량 적산차,13823,
2020021116,일산정수장,4128112315,-48,㎥/h,일산(정) 능곡계통송수유량순시,5202,
2020021116,일산정수장,4128112315,4030,㎥,고양 일산(정) 일산 계통 송수 유량 적산차,13828,
2020021116,일산정수장,4128112315,1403,㎥/h,일산(정) 일산계통송수유량순시,5201,
2020021115,일산정수장,4128112315,1550,㎥,고양 일산(정) 능곡 계통 송수 유량 적산차,13823,
2020021115,일산정수장,4128112315,-48,㎥/h,일산(정) 능곡계통송수유량순시,5202,
2020021115,일산정수장,4128112315,4060,㎥,고양 일산(정) 일산 계통 송수 유량 적산차,13828,
2020021115,일산정수장,4128112315,1403,㎥/h,일산(정) 일산계통송수유량순시,5201,
2020021114,일산정수장,4128112315,1390,㎥,고양 일산(정) 능곡 계통 송수 유량 적산차,13823,
2020021114,일산정수장,4128112315,-48,㎥/h,일산(정) 능곡계통송수유량순시,5202,
2020021114,일산정수장,4128112315,3900,㎥,고양 일산(정) 일산 계통 송수 유량 적산차,13828,
2020021114,일산정수장,4128112315,1403,㎥/h,일산(정) 일산계통송수유량순시,5201,
2020021113,일산정수장,4128112315,1480,㎥,고양 일산(정) 능곡 계통 송수 유량 적산차,13823,
2020021113,일산정수장,4128112315,-48,㎥/h,일산(정) 능곡계통송수유량순시,5202,
2020021113,일산정수장,4128112315,4420,㎥,고양 일산(정) 일산 계통 송수 유량 적산차,13828,
2020021113,일산정수장,4128112315,1403,㎥/h,일산(정) 일산계통송수유량순시,5201,
2020021112,일산정수장,4128112315,1460,㎥,고양 일산(정) 능곡 계통 송수 유량 적산차,13823,
2020021112,일산정수장,4128112315,-48,㎥/h,일산(정) 능곡계통송수유량순시,5202,
2020021112,일산정수장,4128112315,3490,㎥,고양 일산(정) 일산 계통 송수 유량 적산차,13828,
2020021112,일산정수장,4128112315,1403,㎥/h,일산(정) 일산계통송수유량순시,5201,
2020021111,일산정수장,4128112315,1310,㎥,고양 일산(정) 능곡 계통 송수 유량 적산차,13823,
2020021111,일산정수장,4128112315,-48,㎥/h,일산(정) 능곡계통송수유량순시,5202,
2020021111,일산정수장,4128112315,3550,㎥,고양 일산(정) 일산 계통 송수 유량 적산차,13828,
2020021111,일산정수장,4128112315,1403,㎥/h,일산(정) 일산계통송수유량순시,5201,
2020021110,일산정수장,4128112315,1260,㎥,고양 일산(정) 능곡 계통 송수 유량 적산차,13823,
2020021110,일산정수장,4128112315,-48,㎥/h,일산(정) 능곡계통송수유량순시,5202,
2020021110,일산정수장,4128112315,4330,㎥,고양 일산(정) 일산 계통 송수 유량 적산차,13828,
2020021110,일산정수장,4128112315,1403,㎥/h,일산(정) 일산계통송수유량순시,5201,
2020021109,일산정수장,4128112315,1510,㎥,고양 일산(정) 능곡 계통 송수 유량 적산차,13823,
2020021109,일산정수장,4128112315,-48,㎥/h,일산(정) 능곡계통송수유량순시,5202,
2020021109,일산정수장,4128112315,3670,㎥,고양 일산(정) 일산 계통 송수 유량 적산차,13828,
2020021109,일산정수장,4128112315,1403,㎥/h,일산(정) 일산계통송수유량순시,5201,
2020021108,일산정수장,4128112315,1580,㎥,고양 일산(정) 능곡 계통 송수 유량 적산차,13823,
2020021108,일산정수장,4128112315,-48,㎥/h,일산(정) 능곡계통송수유량순시,5202,
2020021108,일산정수장,4128112315,4110,㎥,고양 일산(정) 일산 계통 송수 유량 적산차,13828,
2020021108,일산정수장,4128112315,1403,㎥/h,일산(정) 일산계통송수유량순시,5201,
2020021107,일산정수장,4128112315,810,㎥,고양 일산(정) 능곡 계통 송수 유량 적산차,13823,
2020021107,일산정수장,4128112315,-48,㎥/h,일산(정) 능곡계통송수유량순시,5202,
2020021107,일산정수장,4128112315,5180,㎥,고양 일산(정) 일산 계통 송수 유량 적산차,13828,
2020021107,일산정수장,4128112315,1403,㎥/h,일산(정) 일산계통송수유량순시,5201,
2020021106,일산정수장,4128112315,720,㎥,고양 일산(정) 능곡 계통 송수 유량 적산차,13823,
2020021106,일산정수장,4128112315,-48,㎥/h,일산(정) 능곡계통송수유량순시,5202,
2020021106,일산정수장,4128112315,5300,㎥,고양 일산(정) 일산 계통 송수 유량 적산차,13828,
2020021106,일산정수장,4128112315,1403,㎥/h,일산(정) 일산계통송수유량순시,5201,
2020021105,일산정수장,4128112315,720,㎥,고양 일산(정) 능곡 계통 송수 유량 적산차,13823,
2020021105,일산정수장,4128112315,-48,㎥/h,일산(정) 능곡계통송수유량순시,5202,
2020021105,일산정수장,4128112315,5310,㎥,고양 일산(정) 일산 계통 송수 유량 적산차,13828,
2020021105,일산정수장,4128112315,1403,㎥/h,일산(정) 일산계통송수유량순시,5201,
2020021104,일산정수장,4128112315,730,㎥,고양 일산(정) 능곡 계통 송수 유량 적산차,13823,
2020021104,일산정수장,4128112315,-48,㎥/h,일산(정) 능곡계통송수유량순시,5202,
2020021104,일산정수장,4128112315,5310,㎥,고양 일산(정) 일산 계통 송수 유량 적산차,13828,
2020021104,일산정수장,4128112315,1403,㎥/h,일산(정) 일산계통송수유량순시,5201,
2020021103,일산정수장,4128112315,1190,㎥,고양 일산(정) 능곡 계통 송수 유량 적산차,13823,
2020021103,일산정수장,4128112315,-48,㎥/h,일산(정) 능곡계통송수유량순시,5202,
2020021103,일산정수장,4128112315,5060,㎥,고양 일산(정) 일산 계통 송수 유량 적산차,13828,
2020021103,일산정수장,4128112315,1403,㎥/h,일산(정) 일산계통송수유량순시,5201,
2020021102,일산정수장,4128112315,1610,㎥,고양 일산(정) 능곡 계통 송수 유량 적산차,13823,
2020021102,일산정수장,4128112315,-48,㎥/h,일산(정) 능곡계통송수유량순시,5202,
2020021102,일산정수장,4128112315,4850,㎥,고양 일산(정) 일산 계통 송수 유량 적산차,13828,
2020021102,일산정수장,4128112315,1403,㎥/h,일산(정) 일산계통송수유량순시,5201,
2020021101,일산정수장,4128112315,1610,㎥,고양 일산(정) 능곡 계통 송수 유량 적산차,13823,
2020021101,일산정수장,4128112315,-48,㎥/h,일산(정) 능곡계통송수유량순시,5202,
2020021101,일산정수장,4128112315,4990,㎥,고양 일산(정) 일산 계통 송수 유량 적산차,13828,
2020021101,일산정수장,4128112315,1403,㎥/h,일산(정) 일산계통송수유량순시,5201,
2020021024,일산정수장,4128112315,1510,㎥,고양 일산(정) 능곡 계통 송수 유량 적산차,13823,
2020021024,일산정수장,4128112315,-48,㎥/h,일산(정) 능곡계통송수유량순시,5202,
2020021024,일산정수장,4128112315,4560,㎥,고양 일산(정) 일산 계통 송수 유량 적산차,13828,
2020021024,일산정수장,4128112315,1403,㎥/h,일산(정) 일산계통송수유량순시,5201,
2020021023,일산정수장,4128112315,1520,㎥,고양 일산(정) 능곡 계통 송수 유량 적산차,13823,
2020021023,일산정수장,4128112315,-48,㎥/h,일산(정) 능곡계통송수유량순시,5202,
2020021023,일산정수장,4128112315,4580,㎥,고양 일산(정) 일산 계통 송수 유량 적산차,13828,
2020021023,일산정수장,4128112315,1403,㎥/h,일산(정) 일산계통송수유량순시,5201,
2020021022,일산정수장,4128112315,1640,㎥,고양 일산(정) 능곡 계통 송수 유량 적산차,13823,
2020021022,일산정수장,4128112315,-48,㎥/h,일산(정) 능곡계통송수유량순시,5202,
2020021022,일산정수장,4128112315,4220,㎥,고양 일산(정) 일산 계통 송수 유량 적산차,13828,
2020021022,일산정수장,4128112315,1403,㎥/h,일산(정) 일산계통송수유량순시,5201,
2020021021,일산정수장,4128112315,1590,㎥,고양 일산(정) 능곡 계통 송수 유량 적산차,13823,
2020021021,일산정수장,4128112315,-48,㎥/h,일산(정) 능곡계통송수유량순시,5202,
2020021021,일산정수장,4128112315,3960,㎥,고양 일산(정) 일산 계통 송수 유량 적산차,13828,
2020021021,일산정수장,4128112315,1403,㎥/h,일산(정) 일산계통송수유량순시,5201,
2020021020,일산정수장,4128112315,1430,㎥,고양 일산(정) 능곡 계통 송수 유량 적산차,13823,
2020021020,일산정수장,4128112315,-48,㎥/h,일산(정) 능곡계통송수유량순시,5202,
2020021020,일산정수장,4128112315,3660,㎥,고양 일산(정) 일산 계통 송수 유량 적산차,13828,
2020021020,일산정수장,4128112315,1403,㎥/h,일산(정) 일산계통송수유량순시,5201,
2020021019,일산정수장,4128112315,1380,㎥,고양 일산(정) 능곡 계통 송수 유량 적산차,13823,
2020021019,일산정수장,4128112315,-48,㎥/h,일산(정) 능곡계통송수유량순시,5202,
2020021019,일산정수장,4128112315,3770,㎥,고양 일산(정) 일산 계통 송수 유량 적산차,13828,
2020021019,일산정수장,4128112315,1403,㎥/h,일산(정) 일산계통송수유량순시,5201,
2020021018,일산정수장,4128112315,1370,㎥,고양 일산(정) 능곡 계통 송수 유량 적산차,13823,
2020021018,일산정수장,4128112315,-48,㎥/h,일산(정) 능곡계통송수유량순시,5202,
2020021018,일산정수장,4128112315,3660,㎥,고양 일산(정) 일산 계통 송수 유량 적산차,13828,
2020021018,일산정수장,4128112315,1403,㎥/h,일산(정) 일산계통송수유량순시,5201,
2020021017,일산정수장,4128112315,1490,㎥,고양 일산(정) 능곡 계통 송수 유량 적산차,13823,
2020021017,일산정수장,4128112315,-48,㎥/h,일산(정) 능곡계통송수유량순시,5202,
2020021017,일산정수장,4128112315,4190,㎥,고양 일산(정) 일산 계통 송수 유량 적산차,13828,
2020021017,일산정수장,4128112315,1403,㎥/h,일산(정) 일산계통송수유량순시,5201,
2020021016,일산정수장,4128112315,1490,㎥,고양 일산(정) 능곡 계통 송수 유량 적산차,13823,
2020021016,일산정수장,4128112315,-48,㎥/h,일산(정) 능곡계통송수유량순시,5202,
2020021016,일산정수장,4128112315,4200,㎥,고양 일산(정) 일산 계통 송수 유량 적산차,13828,
2020021016,일산정수장,4128112315,1403,㎥/h,일산(정) 일산계통송수유량순시,5201,
2020021015,일산정수장,4128112315,1490,㎥,고양 일산(정) 능곡 계통 송수 유량 적산차,13823,
2020021015,일산정수장,4128112315,-48,㎥/h,일산(정) 능곡계통송수유량순시,5202,
2020021015,일산정수장,4128112315,4190,㎥,고양 일산(정) 일산 계통 송수 유량 적산차,13828,
2020021015,일산정수장,4128112315,1403,㎥/h,일산(정) 일산계통송수유량순시,5201,
2020021014,일산정수장,4128112315,1450,㎥,고양 일산(정) 능곡 계통 송수 유량 적산차,13823,
2020021014,일산정수장,4128112315,-48,㎥/h,일산(정) 능곡계통송수유량순시,5202,
2020021014,일산정수장,4128112315,4290,㎥,고양 일산(정) 일산 계통 송수 유량 적산차,13828,
2020021014,일산정수장,4128112315,1403,㎥/h,일산(정) 일산계통송수유량순시,5201,
2020021013,일산정수장,4128112315,1360,㎥,고양 일산(정) 능곡 계통 송수 유량 적산차,13823,
2020021013,일산정수장,4128112315,-48,㎥/h,일산(정) 능곡계통송수유량순시,5202,
2020021013,일산정수장,4128112315,4540,㎥,고양 일산(정) 일산 계통 송수 유량 적산차,13828,
2020021013,일산정수장,4128112315,1403,㎥/h,일산(정) 일산계통송수유량순시,5201,
2020021012,일산정수장,4128112315,1250,㎥,고양 일산(정) 능곡 계통 송수 유량 적산차,13823,
2020021012,일산정수장,4128112315,-48,㎥/h,일산(정) 능곡계통송수유량순시,5202,
2020021012,일산정수장,4128112315,3760,㎥,고양 일산(정) 일산 계통 송수 유량 적산차,13828,
2020021012,일산정수장,4128112315,1403,㎥/h,일산(정) 일산계통송수유량순시,5201,
2020021011,일산정수장,4128112315,1340,㎥,고양 일산(정) 능곡 계통 송수 유량 적산차,13823,
2020021011,일산정수장,4128112315,-48,㎥/h,일산(정) 능곡계통송수유량순시,5202,
2020021011,일산정수장,4128112315,3490,㎥,고양 일산(정) 일산 계통 송수 유량 적산차,13828,
2020021011,일산정수장,4128112315,1403,㎥/h,일산(정) 일산계통송수유량순시,5201,
2020021010,일산정수장,4128112315,960,㎥,고양 일산(정) 능곡 계통 송수 유량 적산차,13823,
2020021010,일산정수장,4128112315,-48,㎥/h,일산(정) 능곡계통송수유량순시,5202,
2020021010,일산정수장,4128112315,4570,㎥,고양 일산(정) 일산 계통 송수 유량 적산차,13828,
2020021010,일산정수장,4128112315,1403,㎥/h,일산(정) 일산계통송수유량순시,5201,
2020021009,일산정수장,4128112315,1110,㎥,고양 일산(정) 능곡 계통 송수 유량 적산차,13823,
2020021009,일산정수장,4128112315,-48,㎥/h,일산(정) 능곡계통송수유량순시,5202,
2020021009,일산정수장,4128112315,5700,㎥,고양 일산(정) 일산 계통 송수 유량 적산차,13828,
2020021009,일산정수장,4128112315,1403,㎥/h,일산(정) 일산계통송수유량순시,5201,
2020021008,일산정수장,4128112315,1080,㎥,고양 일산(정) 능곡 계통 송수 유량 적산차,13823,
2020021008,일산정수장,4128112315,-48,㎥/h,일산(정) 능곡계통송수유량순시,5202,
2020021008,일산정수장,4128112315,5470,㎥,고양 일산(정) 일산 계통 송수 유량 적산차,13828,
2020021008,일산정수장,4128112315,1403,㎥/h,일산(정) 일산계통송수유량순시,5201,
2020021007,일산정수장,4128112315,960,㎥,고양 일산(정) 능곡 계통 송수 유량 적산차,13823,
2020021007,일산정수장,4128112315,-48,㎥/h,일산(정) 능곡계통송수유량순시,5202,
2020021007,일산정수장,4128112315,4600,㎥,고양 일산(정) 일산 계통 송수 유량 적산차,13828,
2020021007,일산정수장,4128112315,1403,㎥/h,일산(정) 일산계통송수유량순시,5201,
2020021006,일산정수장,4128112315,1310,㎥,고양 일산(정) 능곡 계통 송수 유량 적산차,13823,
2020021006,일산정수장,4128112315,-48,㎥/h,일산(정) 능곡계통송수유량순시,5202,
2020021006,일산정수장,4128112315,4330,㎥,고양 일산(정) 일산 계통 송수 유량 적산차,13828,
2020021006,일산정수장,4128112315,1403,㎥/h,일산(정) 일산계통송수유량순시,5201,
2020021005,일산정수장,4128112315,1610,㎥,고양 일산(정) 능곡 계통 송수 유량 적산차,13823,
2020021005,일산정수장,4128112315,-48,㎥/h,일산(정) 능곡계통송수유량순시,5202,
2020021005,일산정수장,4128112315,4100,㎥,고양 일산(정) 일산 계통 송수 유량 적산차,13828,
2020021005,일산정수장,4128112315,1403,㎥/h,일산(정) 일산계통송수유량순시,5201,
2020021004,일산정수장,4128112315,1610,㎥,고양 일산(정) 능곡 계통 송수 유량 적산차,13823,
2020021004,일산정수장,4128112315,-48,㎥/h,일산(정) 능곡계통송수유량순시,5202,
2020021004,일산정수장,4128112315,4120,㎥,고양 일산(정) 일산 계통 송수 유량 적산차,13828,
2020021004,일산정수장,4128112315,1403,㎥/h,일산(정) 일산계통송수유량순시,5201,
2020021003,일산정수장,4128112315,1610,㎥,고양 일산(정) 능곡 계통 송수 유량 적산차,13823,
2020021003,일산정수장,4128112315,-48,㎥/h,일산(정) 능곡계통송수유량순시,5202,
2020021003,일산정수장,4128112315,4100,㎥,고양 일산(정) 일산 계통 송수 유량 적산차,13828,
2020021003,일산정수장,4128112315,1403,㎥/h,일산(정) 일산계통송수유량순시,5201,
2020021002,일산정수장,4128112315,1610,㎥,고양 일산(정) 능곡 계통 송수 유량 적산차,13823,
2020021002,일산정수장,4128112315,-48,㎥/h,일산(정) 능곡계통송수유량순시,5202,
2020021002,일산정수장,4128112315,4120,㎥,고양 일산(정) 일산 계통 송수 유량 적산차,13828,
2020021002,일산정수장,4128112315,1403,㎥/h,일산(정) 일산계통송수유량순시,5201,
2020021001,일산정수장,4128112315,1470,㎥,고양 일산(정) 능곡 계통 송수 유량 적산차,13823,
2020021001,일산정수장,4128112315,-48,㎥/h,일산(정) 능곡계통송수유량순시,5202,
2020021001,일산정수장,4128112315,4440,㎥,고양 일산(정) 일산 계통 송수 유량 적산차,13828,
2020021001,일산정수장,4128112315,1403,㎥/h,일산(정) 일산계통송수유량순시,5201,
2020020924,일산정수장,4128112315,1500,㎥,고양 일산(정) 능곡 계통 송수 유량 적산차,13823,
2020020924,일산정수장,4128112315,-48,㎥/h,일산(정) 능곡계통송수유량순시,5202,
2020020924,일산정수장,4128112315,4440,㎥,고양 일산(정) 일산 계통 송수 유량 적산차,13828,
2020020924,일산정수장,4128112315,1403,㎥/h,일산(정) 일산계통송수유량순시,5201,
2020020923,일산정수장,4128112315,1760,㎥,고양 일산(정) 능곡 계통 송수 유량 적산차,13823,
2020020923,일산정수장,4128112315,-48,㎥/h,일산(정) 능곡계통송수유량순시,5202,
2020020923,일산정수장,4128112315,4430,㎥,고양 일산(정) 일산 계통 송수 유량 적산차,13828,
2020020923,일산정수장,4128112315,1403,㎥/h,일산(정) 일산계통송수유량순시,5201,
2020020922,일산정수장,4128112315,1830,㎥,고양 일산(정) 능곡 계통 송수 유량 적산차,13823,
2020020922,일산정수장,4128112315,-48,㎥/h,일산(정) 능곡계통송수유량순시,5202,
2020020922,일산정수장,4128112315,4160,㎥,고양 일산(정) 일산 계통 송수 유량 적산차,13828,
2020020922,일산정수장,4128112315,1403,㎥/h,일산(정) 일산계통송수유량순시,5201,
2020020921,일산정수장,4128112315,1790,㎥,고양 일산(정) 능곡 계통 송수 유량 적산차,13823,
2020020921,일산정수장,4128112315,-48,㎥/h,일산(정) 능곡계통송수유량순시,5202,
2020020921,일산정수장,4128112315,4020,㎥,고양 일산(정) 일산 계통 송수 유량 적산차,13828,
2020020921,일산정수장,4128112315,1403,㎥/h,일산(정) 일산계통송수유량순시,5201,
2020020920,일산정수장,4128112315,1740,㎥,고양 일산(정) 능곡 계통 송수 유량 적산차,13823,
2020020920,일산정수장,4128112315,-48,㎥/h,일산(정) 능곡계통송수유량순시,5202,
2020020920,일산정수장,4128112315,4110,㎥,고양 일산(정) 일산 계통 송수 유량 적산차,13828,
2020020920,일산정수장,4128112315,1403,㎥/h,일산(정) 일산계통송수유량순시,5201,
2020020919,일산정수장,4128112315,1650,㎥,고양 일산(정) 능곡 계통 송수 유량 적산차,13823,
2020020919,일산정수장,4128112315,-48,㎥/h,일산(정) 능곡계통송수유량순시,5202,
2020020919,일산정수장,4128112315,4330,㎥,고양 일산(정) 일산 계통 송수 유량 적산차,13828,
2020020919,일산정수장,4128112315,1403,㎥/h,일산(정) 일산계통송수유량순시,5201,
2020020918,일산정수장,4128112315,1640,㎥,고양 일산(정) 능곡 계통 송수 유량 적산차,13823,
2020020918,일산정수장,4128112315,-48,㎥/h,일산(정) 능곡계통송수유량순시,5202,
2020020918,일산정수장,4128112315,4350,㎥,고양 일산(정) 일산 계통 송수 유량 적산차,13828,
2020020918,일산정수장,4128112315,1403,㎥/h,일산(정) 일산계통송수유량순시,5201,
2020020917,일산정수장,4128112315,1690,㎥,고양 일산(정) 능곡 계통 송수 유량 적산차,13823,
2020020917,일산정수장,4128112315,-48,㎥/h,일산(정) 능곡계통송수유량순시,5202,
2020020917,일산정수장,4128112315,4170,㎥,고양 일산(정) 일산 계통 송수 유량 적산차,13828,
2020020917,일산정수장,4128112315,1403,㎥/h,일산(정) 일산계통송수유량순시,5201,
2020020916,일산정수장,4128112315,1550,㎥,고양 일산(정) 능곡 계통 송수 유량 적산차,13823,
2020020916,일산정수장,4128112315,-48,㎥/h,일산(정) 능곡계통송수유량순시,5202,
2020020916,일산정수장,4128112315,4230,㎥,고양 일산(정) 일산 계통 송수 유량 적산차,13828,
2020020916,일산정수장,4128112315,1403,㎥/h,일산(정) 일산계통송수유량순시,5201,
2020020915,일산정수장,4128112315,1360,㎥,고양 일산(정) 능곡 계통 송수 유량 적산차,13823,
2020020915,일산정수장,4128112315,-48,㎥/h,일산(정) 능곡계통송수유량순시,5202,
2020020915,일산정수장,4128112315,4390,㎥,고양 일산(정) 일산 계통 송수 유량 적산차,13828,
2020020915,일산정수장,4128112315,1403,㎥/h,일산(정) 일산계통송수유량순시,5201,
2020020914,일산정수장,4128112315,1320,㎥,고양 일산(정) 능곡 계통 송수 유량 적산차,13823,
2020020914,일산정수장,4128112315,-48,㎥/h,일산(정) 능곡계통송수유량순시,5202,
2020020914,일산정수장,4128112315,4550,㎥,고양 일산(정) 일산 계통 송수 유량 적산차,13828,
2020020914,일산정수장,4128112315,1403,㎥/h,일산(정) 일산계통송수유량순시,5201,
2020020913,일산정수장,4128112315,1260,㎥,고양 일산(정) 능곡 계통 송수 유량 적산차,13823,
2020020913,일산정수장,4128112315,-48,㎥/h,일산(정) 능곡계통송수유량순시,5202,
2020020913,일산정수장,4128112315,4730,㎥,고양 일산(정) 일산 계통 송수 유량 적산차,13828,
2020020913,일산정수장,4128112315,1403,㎥/h,일산(정) 일산계통송수유량순시,5201,
2020020912,일산정수장,4128112315,910,㎥,고양 일산(정) 능곡 계통 송수 유량 적산차,13823,
2020020912,일산정수장,4128112315,-48,㎥/h,일산(정) 능곡계통송수유량순시,5202,
2020020912,일산정수장,4128112315,4420,㎥,고양 일산(정) 일산 계통 송수 유량 적산차,13828,
2020020912,일산정수장,4128112315,1403,㎥/h,일산(정) 일산계통송수유량순시,5201,
2020020911,일산정수장,4128112315,730,㎥,고양 일산(정) 능곡 계통 송수 유량 적산차,13823,
2020020911,일산정수장,4128112315,-48,㎥/h,일산(정) 능곡계통송수유량순시,5202,
2020020911,일산정수장,4128112315,4140,㎥,고양 일산(정) 일산 계통 송수 유량 적산차,13828,
2020020911,일산정수장,4128112315,1403,㎥/h,일산(정) 일산계통송수유량순시,5201,
2020020910,일산정수장,4128112315,750,㎥,고양 일산(정) 능곡 계통 송수 유량 적산차,13823,
2020020910,일산정수장,4128112315,-48,㎥/h,일산(정) 능곡계통송수유량순시,5202,
2020020910,일산정수장,4128112315,4070,㎥,고양 일산(정) 일산 계통 송수 유량 적산차,13828,
2020020910,일산정수장,4128112315,1403,㎥/h,일산(정) 일산계통송수유량순시,5201,
2020020909,일산정수장,4128112315,800,㎥,고양 일산(정) 능곡 계통 송수 유량 적산차,13823,
2020020909,일산정수장,4128112315,-48,㎥/h,일산(정) 능곡계통송수유량순시,5202,
2020020909,일산정수장,4128112315,3990,㎥,고양 일산(정) 일산 계통 송수 유량 적산차,13828,
2020020909,일산정수장,4128112315,1403,㎥/h,일산(정) 일산계통송수유량순시,5201,
2020020908,일산정수장,4128112315,750,㎥,고양 일산(정) 능곡 계통 송수 유량 적산차,13823,
2020020908,일산정수장,4128112315,-48,㎥/h,일산(정) 능곡계통송수유량순시,5202,
2020020908,일산정수장,4128112315,4170,㎥,고양 일산(정) 일산 계통 송수 유량 적산차,13828,
2020020908,일산정수장,4128112315,1403,㎥/h,일산(정) 일산계통송수유량순시,5201,
2020020907,일산정수장,4128112315,900,㎥,고양 일산(정) 능곡 계통 송수 유량 적산차,13823,
2020020907,일산정수장,4128112315,-48,㎥/h,일산(정) 능곡계통송수유량순시,5202,
2020020907,일산정수장,4128112315,4670,㎥,고양 일산(정) 일산 계통 송수 유량 적산차,13828,
2020020907,일산정수장,4128112315,1403,㎥/h,일산(정) 일산계통송수유량순시,5201,
2020020906,일산정수장,4128112315,930,㎥,고양 일산(정) 능곡 계통 송수 유량 적산차,13823,
2020020906,일산정수장,4128112315,-48,㎥/h,일산(정) 능곡계통송수유량순시,5202,
2020020906,일산정수장,4128112315,4620,㎥,고양 일산(정) 일산 계통 송수 유량 적산차,13828,
2020020906,일산정수장,4128112315,1403,㎥/h,일산(정) 일산계통송수유량순시,5201,
2020020905,일산정수장,4128112315,1450,㎥,고양 일산(정) 능곡 계통 송수 유량 적산차,13823,
2020020905,일산정수장,4128112315,-48,㎥/h,일산(정) 능곡계통송수유량순시,5202,
2020020905,일산정수장,4128112315,4270,㎥,고양 일산(정) 일산 계통 송수 유량 적산차,13828,
2020020905,일산정수장,4128112315,1403,㎥/h,일산(정) 일산계통송수유량순시,5201,
2020020904,일산정수장,4128112315,1450,㎥,고양 일산(정) 능곡 계통 송수 유량 적산차,13823,
2020020904,일산정수장,4128112315,-48,㎥/h,일산(정) 능곡계통송수유량순시,5202,
2020020904,일산정수장,4128112315,4250,㎥,고양 일산(정) 일산 계통 송수 유량 적산차,13828,
2020020904,일산정수장,4128112315,1403,㎥/h,일산(정) 일산계통송수유량순시,5201,
2020020903,일산정수장,4128112315,1560,㎥,고양 일산(정) 능곡 계통 송수 유량 적산차,13823,
2020020903,일산정수장,4128112315,-48,㎥/h,일산(정) 능곡계통송수유량순시,5202,
2020020903,일산정수장,4128112315,4800,㎥,고양 일산(정) 일산 계통 송수 유량 적산차,13828,
2020020903,일산정수장,4128112315,1403,㎥/h,일산(정) 일산계통송수유량순시,5201,
2020020902,일산정수장,4128112315,1590,㎥,고양 일산(정) 능곡 계통 송수 유량 적산차,13823,
2020020902,일산정수장,4128112315,-48,㎥/h,일산(정) 능곡계통송수유량순시,5202,
2020020902,일산정수장,4128112315,4940,㎥,고양 일산(정) 일산 계통 송수 유량 적산차,13828,
2020020902,일산정수장,4128112315,1403,㎥/h,일산(정) 일산계통송수유량순시,5201,
2020020901,일산정수장,4128112315,1510,㎥,고양 일산(정) 능곡 계통 송수 유량 적산차,13823,
2020020901,일산정수장,4128112315,-48,㎥/h,일산(정) 능곡계통송수유량순시,5202,
2020020901,일산정수장,4128112315,4470,㎥,고양 일산(정) 일산 계통 송수 유량 적산차,13828,
2020020901,일산정수장,4128112315,1403,㎥/h,일산(정) 일산계통송수유량순시,5201,
2020020824,일산정수장,4128112315,1490,㎥,고양 일산(정) 능곡 계통 송수 유량 적산차,13823,
2020020824,일산정수장,4128112315,-48,㎥/h,일산(정) 능곡계통송수유량순시,5202,
2020020824,일산정수장,4128112315,4490,㎥,고양 일산(정) 일산 계통 송수 유량 적산차,13828,
2020020824,일산정수장,4128112315,1403,㎥/h,일산(정) 일산계통송수유량순시,5201,
2020020823,일산정수장,4128112315,1480,㎥,고양 일산(정) 능곡 계통 송수 유량 적산차,13823,
2020020823,일산정수장,4128112315,-48,㎥/h,일산(정) 능곡계통송수유량순시,5202,
2020020823,일산정수장,4128112315,4500,㎥,고양 일산(정) 일산 계통 송수 유량 적산차,13828,
2020020823,일산정수장,4128112315,1403,㎥/h,일산(정) 일산계통송수유량순시,5201,
2020020822,일산정수장,4128112315,1590,㎥,고양 일산(정) 능곡 계통 송수 유량 적산차,13823,
2020020822,일산정수장,4128112315,-48,㎥/h,일산(정) 능곡계통송수유량순시,5202,
2020020822,일산정수장,4128112315,4180,㎥,고양 일산(정) 일산 계통 송수 유량 적산차,13828,
2020020822,일산정수장,4128112315,1403,㎥/h,일산(정) 일산계통송수유량순시,5201,
2020020821,일산정수장,4128112315,1930,㎥,고양 일산(정) 능곡 계통 송수 유량 적산차,13823,
2020020821,일산정수장,4128112315,-48,㎥/h,일산(정) 능곡계통송수유량순시,5202,
2020020821,일산정수장,4128112315,4400,㎥,고양 일산(정) 일산 계통 송수 유량 적산차,13828,
2020020821,일산정수장,4128112315,1403,㎥/h,일산(정) 일산계통송수유량순시,5201,
2020020820,일산정수장,4128112315,2100,㎥,고양 일산(정) 능곡 계통 송수 유량 적산차,13823,
2020020820,일산정수장,4128112315,-48,㎥/h,일산(정) 능곡계통송수유량순시,5202,
2020020820,일산정수장,4128112315,4520,㎥,고양 일산(정) 일산 계통 송수 유량 적산차,13828,
2020020820,일산정수장,4128112315,1403,㎥/h,일산(정) 일산계통송수유량순시,5201,
2020020819,일산정수장,4128112315,2040,㎥,고양 일산(정) 능곡 계통 송수 유량 적산차,13823,
2020020819,일산정수장,4128112315,-48,㎥/h,일산(정) 능곡계통송수유량순시,5202,
2020020819,일산정수장,4128112315,4690,㎥,고양 일산(정) 일산 계통 송수 유량 적산차,13828,
2020020819,일산정수장,4128112315,1403,㎥/h,일산(정) 일산계통송수유량순시,5201,
2020020818,일산정수장,4128112315,1960,㎥,고양 일산(정) 능곡 계통 송수 유량 적산차,13823,
2020020818,일산정수장,4128112315,-48,㎥/h,일산(정) 능곡계통송수유량순시,5202,
2020020818,일산정수장,4128112315,4990,㎥,고양 일산(정) 일산 계통 송수 유량 적산차,13828,
2020020818,일산정수장,4128112315,1403,㎥/h,일산(정) 일산계통송수유량순시,5201,
2020020817,일산정수장,4128112315,1860,㎥,고양 일산(정) 능곡 계통 송수 유량 적산차,13823,
2020020817,일산정수장,4128112315,-48,㎥/h,일산(정) 능곡계통송수유량순시,5202,
2020020817,일산정수장,4128112315,4800,㎥,고양 일산(정) 일산 계통 송수 유량 적산차,13828,
2020020817,일산정수장,4128112315,1403,㎥/h,일산(정) 일산계통송수유량순시,5201,
2020020816,일산정수장,4128112315,1100,㎥,고양 일산(정) 능곡 계통 송수 유량 적산차,13823,
2020020816,일산정수장,4128112315,-48,㎥/h,일산(정) 능곡계통송수유량순시,5202,
2020020816,일산정수장,4128112315,4030,㎥,고양 일산(정) 일산 계통 송수 유량 적산차,13828,
2020020816,일산정수장,4128112315,1403,㎥/h,일산(정) 일산계통송수유량순시,5201,
2020020815,일산정수장,4128112315,1000,㎥,고양 일산(정) 능곡 계통 송수 유량 적산차,13823,
2020020815,일산정수장,4128112315,-48,㎥/h,일산(정) 능곡계통송수유량순시,5202,
2020020815,일산정수장,4128112315,3910,㎥,고양 일산(정) 일산 계통 송수 유량 적산차,13828,
2020020815,일산정수장,4128112315,1403,㎥/h,일산(정) 일산계통송수유량순시,5201,
2020020814,일산정수장,4128112315,1000,㎥,고양 일산(정) 능곡 계통 송수 유량 적산차,13823,
2020020814,일산정수장,4128112315,-48,㎥/h,일산(정) 능곡계통송수유량순시,5202,
2020020814,일산정수장,4128112315,3880,㎥,고양 일산(정) 일산 계통 송수 유량 적산차,13828,
2020020814,일산정수장,4128112315,1403,㎥/h,일산(정) 일산계통송수유량순시,5201,
2020020813,일산정수장,4128112315,1330,㎥,고양 일산(정) 능곡 계통 송수 유량 적산차,13823,
2020020813,일산정수장,4128112315,-48,㎥/h,일산(정) 능곡계통송수유량순시,5202,
2020020813,일산정수장,4128112315,3740,㎥,고양 일산(정) 일산 계통 송수 유량 적산차,13828,
2020020813,일산정수장,4128112315,1403,㎥/h,일산(정) 일산계통송수유량순시,5201,
2020020812,일산정수장,4128112315,1510,㎥,고양 일산(정) 능곡 계통 송수 유량 적산차,13823,
2020020812,일산정수장,4128112315,-48,㎥/h,일산(정) 능곡계통송수유량순시,5202,
2020020812,일산정수장,4128112315,3650,㎥,고양 일산(정) 일산 계통 송수 유량 적산차,13828,
2020020812,일산정수장,4128112315,1403,㎥/h,일산(정) 일산계통송수유량순시,5201,
2020020811,일산정수장,4128112315,1570,㎥,고양 일산(정) 능곡 계통 송수 유량 적산차,13823,
2020020811,일산정수장,4128112315,-48,㎥/h,일산(정) 능곡계통송수유량순시,5202,
2020020811,일산정수장,4128112315,3540,㎥,고양 일산(정) 일산 계통 송수 유량 적산차,13828,
2020020811,일산정수장,4128112315,1403,㎥/h,일산(정) 일산계통송수유량순시,5201,
2020020810,일산정수장,4128112315,1500,㎥,고양 일산(정) 능곡 계통 송수 유량 적산차,13823,
2020020810,일산정수장,4128112315,-48,㎥/h,일산(정) 능곡계통송수유량순시,5202,
2020020810,일산정수장,4128112315,3490,㎥,고양 일산(정) 일산 계통 송수 유량 적산차,13828,
2020020810,일산정수장,4128112315,1403,㎥/h,일산(정) 일산계통송수유량순시,5201,
2020020809,일산정수장,4128112315,1190,㎥,고양 일산(정) 능곡 계통 송수 유량 적산차,13823,
2020020809,일산정수장,4128112315,-48,㎥/h,일산(정) 능곡계통송수유량순시,5202,
2020020809,일산정수장,4128112315,3720,㎥,고양 일산(정) 일산 계통 송수 유량 적산차,13828,
2020020809,일산정수장,4128112315,1403,㎥/h,일산(정) 일산계통송수유량순시,5201,
2020020808,일산정수장,4128112315,1130,㎥,고양 일산(정) 능곡 계통 송수 유량 적산차,13823,
2020020808,일산정수장,4128112315,-48,㎥/h,일산(정) 능곡계통송수유량순시,5202,
2020020808,일산정수장,4128112315,4380,㎥,고양 일산(정) 일산 계통 송수 유량 적산차,13828,
2020020808,일산정수장,4128112315,1403,㎥/h,일산(정) 일산계통송수유량순시,5201,
2020020807,일산정수장,4128112315,1060,㎥,고양 일산(정) 능곡 계통 송수 유량 적산차,13823,
2020020807,일산정수장,4128112315,-48,㎥/h,일산(정) 능곡계통송수유량순시,5202,
2020020807,일산정수장,4128112315,4570,㎥,고양 일산(정) 일산 계통 송수 유량 적산차,13828,
2020020807,일산정수장,4128112315,1403,㎥/h,일산(정) 일산계통송수유량순시,5201,
2020020806,일산정수장,4128112315,1050,㎥,고양 일산(정) 능곡 계통 송수 유량 적산차,13823,
2020020806,일산정수장,4128112315,-48,㎥/h,일산(정) 능곡계통송수유량순시,5202,
2020020806,일산정수장,4128112315,4570,㎥,고양 일산(정) 일산 계통 송수 유량 적산차,13828,
2020020806,일산정수장,4128112315,1403,㎥/h,일산(정) 일산계통송수유량순시,5201,
2020020805,일산정수장,4128112315,1060,㎥,고양 일산(정) 능곡 계통 송수 유량 적산차,13823,
2020020805,일산정수장,4128112315,-48,㎥/h,일산(정) 능곡계통송수유량순시,5202,
2020020805,일산정수장,4128112315,4600,㎥,고양 일산(정) 일산 계통 송수 유량 적산차,13828,
2020020805,일산정수장,4128112315,1403,㎥/h,일산(정) 일산계통송수유량순시,5201,
2020020804,일산정수장,4128112315,1060,㎥,고양 일산(정) 능곡 계통 송수 유량 적산차,13823,
2020020804,일산정수장,4128112315,-48,㎥/h,일산(정) 능곡계통송수유량순시,5202,
2020020804,일산정수장,4128112315,4590,㎥,고양 일산(정) 일산 계통 송수 유량 적산차,13828,
2020020804,일산정수장,4128112315,1403,㎥/h,일산(정) 일산계통송수유량순시,5201,
2020020803,일산정수장,4128112315,1060,㎥,고양 일산(정) 능곡 계통 송수 유량 적산차,13823,
2020020803,일산정수장,4128112315,-48,㎥/h,일산(정) 능곡계통송수유량순시,5202,
2020020803,일산정수장,4128112315,4590,㎥,고양 일산(정) 일산 계통 송수 유량 적산차,13828,
2020020803,일산정수장,4128112315,1403,㎥/h,일산(정) 일산계통송수유량순시,5201,
2020020802,일산정수장,4128112315,1060,㎥,고양 일산(정) 능곡 계통 송수 유량 적산차,13823,
2020020802,일산정수장,4128112315,-48,㎥/h,일산(정) 능곡계통송수유량순시,5202,
2020020802,일산정수장,4128112315,4600,㎥,고양 일산(정) 일산 계통 송수 유량 적산차,13828,
2020020802,일산정수장,4128112315,1403,㎥/h,일산(정) 일산계통송수유량순시,5201,
2020020801,일산정수장,4128112315,1220,㎥,고양 일산(정) 능곡 계통 송수 유량 적산차,13823,
2020020801,일산정수장,4128112315,-48,㎥/h,일산(정) 능곡계통송수유량순시,5202,
2020020801,일산정수장,4128112315,4680,㎥,고양 일산(정) 일산 계통 송수 유량 적산차,13828,
2020020801,일산정수장,4128112315,1403,㎥/h,일산(정) 일산계통송수유량순시,5201,
2020020724,일산정수장,4128112315,1290,㎥,고양 일산(정) 능곡 계통 송수 유량 적산차,13823,
2020020724,일산정수장,4128112315,-48,㎥/h,일산(정) 능곡계통송수유량순시,5202,
2020020724,일산정수장,4128112315,4620,㎥,고양 일산(정) 일산 계통 송수 유량 적산차,13828,
2020020724,일산정수장,4128112315,1403,㎥/h,일산(정) 일산계통송수유량순시,5201,
2020020723,일산정수장,4128112315,1380,㎥,고양 일산(정) 능곡 계통 송수 유량 적산차,13823,
2020020723,일산정수장,4128112315,-48,㎥/h,일산(정) 능곡계통송수유량순시,5202,
2020020723,일산정수장,4128112315,3660,㎥,고양 일산(정) 일산 계통 송수 유량 적산차,13828,
2020020723,일산정수장,4128112315,1403,㎥/h,일산(정) 일산계통송수유량순시,5201,
2020020722,일산정수장,4128112315,1500,㎥,고양 일산(정) 능곡 계통 송수 유량 적산차,13823,
2020020722,일산정수장,4128112315,-48,㎥/h,일산(정) 능곡계통송수유량순시,5202,
2020020722,일산정수장,4128112315,4280,㎥,고양 일산(정) 일산 계통 송수 유량 적산차,13828,
2020020722,일산정수장,4128112315,1403,㎥/h,일산(정) 일산계통송수유량순시,5201,
2020020721,일산정수장,4128112315,1490,㎥,고양 일산(정) 능곡 계통 송수 유량 적산차,13823,
2020020721,일산정수장,4128112315,-48,㎥/h,일산(정) 능곡계통송수유량순시,5202,
2020020721,일산정수장,4128112315,4240,㎥,고양 일산(정) 일산 계통 송수 유량 적산차,13828,
2020020721,일산정수장,4128112315,1403,㎥/h,일산(정) 일산계통송수유량순시,5201,
2020020720,일산정수장,4128112315,1300,㎥,고양 일산(정) 능곡 계통 송수 유량 적산차,13823,
2020020720,일산정수장,4128112315,-48,㎥/h,일산(정) 능곡계통송수유량순시,5202,
2020020720,일산정수장,4128112315,3770,㎥,고양 일산(정) 일산 계통 송수 유량 적산차,13828,
2020020720,일산정수장,4128112315,1403,㎥/h,일산(정) 일산계통송수유량순시,5201,
2020020719,일산정수장,4128112315,1260,㎥,고양 일산(정) 능곡 계통 송수 유량 적산차,13823,
2020020719,일산정수장,4128112315,-48,㎥/h,일산(정) 능곡계통송수유량순시,5202,
2020020719,일산정수장,4128112315,3860,㎥,고양 일산(정) 일산 계통 송수 유량 적산차,13828,
2020020719,일산정수장,4128112315,1403,㎥/h,일산(정) 일산계통송수유량순시,5201,
2020020718,일산정수장,4128112315,1200,㎥,고양 일산(정) 능곡 계통 송수 유량 적산차,13823,
2020020718,일산정수장,4128112315,-48,㎥/h,일산(정) 능곡계통송수유량순시,5202,
2020020718,일산정수장,4128112315,3850,㎥,고양 일산(정) 일산 계통 송수 유량 적산차,13828,
2020020718,일산정수장,4128112315,1403,㎥/h,일산(정) 일산계통송수유량순시,5201,
2020020717,일산정수장,4128112315,1600,㎥,고양 일산(정) 능곡 계통 송수 유량 적산차,13823,
2020020717,일산정수장,4128112315,-48,㎥/h,일산(정) 능곡계통송수유량순시,5202,
2020020717,일산정수장,4128112315,4190,㎥,고양 일산(정) 일산 계통 송수 유량 적산차,13828,
2020020717,일산정수장,4128112315,1403,㎥/h,일산(정) 일산계통송수유량순시,5201,
2020020716,일산정수장,4128112315,1630,㎥,고양 일산(정) 능곡 계통 송수 유량 적산차,13823,
2020020716,일산정수장,4128112315,-48,㎥/h,일산(정) 능곡계통송수유량순시,5202,
2020020716,일산정수장,4128112315,4140,㎥,고양 일산(정) 일산 계통 송수 유량 적산차,13828,
2020020716,일산정수장,4128112315,1403,㎥/h,일산(정) 일산계통송수유량순시,5201,
2020020715,일산정수장,4128112315,1520,㎥,고양 일산(정) 능곡 계통 송수 유량 적산차,13823,
2020020715,일산정수장,4128112315,-48,㎥/h,일산(정) 능곡계통송수유량순시,5202,
2020020715,일산정수장,4128112315,3560,㎥,고양 일산(정) 일산 계통 송수 유량 적산차,13828,
2020020715,일산정수장,4128112315,1403,㎥/h,일산(정) 일산계통송수유량순시,5201,
2020020714,일산정수장,4128112315,1420,㎥,고양 일산(정) 능곡 계통 송수 유량 적산차,13823,
2020020714,일산정수장,4128112315,-48,㎥/h,일산(정) 능곡계통송수유량순시,5202,
2020020714,일산정수장,4128112315,3580,㎥,고양 일산(정) 일산 계통 송수 유량 적산차,13828,
2020020714,일산정수장,4128112315,1403,㎥/h,일산(정) 일산계통송수유량순시,5201,
2020020713,일산정수장,4128112315,1360,㎥,고양 일산(정) 능곡 계통 송수 유량 적산차,13823,
2020020713,일산정수장,4128112315,-48,㎥/h,일산(정) 능곡계통송수유량순시,5202,
2020020713,일산정수장,4128112315,3700,㎥,고양 일산(정) 일산 계통 송수 유량 적산차,13828,
2020020713,일산정수장,4128112315,1403,㎥/h,일산(정) 일산계통송수유량순시,5201,
2020020712,일산정수장,4128112315,1350,㎥,고양 일산(정) 능곡 계통 송수 유량 적산차,13823,
2020020712,일산정수장,4128112315,-48,㎥/h,일산(정) 능곡계통송수유량순시,5202,
2020020712,일산정수장,4128112315,3680,㎥,고양 일산(정) 일산 계통 송수 유량 적산차,13828,
2020020712,일산정수장,4128112315,1403,㎥/h,일산(정) 일산계통송수유량순시,5201,
2020020711,일산정수장,4128112315,1380,㎥,고양 일산(정) 능곡 계통 송수 유량 적산차,13823,
2020020711,일산정수장,4128112315,-48,㎥/h,일산(정) 능곡계통송수유량순시,5202,
2020020711,일산정수장,4128112315,3460,㎥,고양 일산(정) 일산 계통 송수 유량 적산차,13828,
2020020711,일산정수장,4128112315,1403,㎥/h,일산(정) 일산계통송수유량순시,5201,
2020020710,일산정수장,4128112315,1570,㎥,고양 일산(정) 능곡 계통 송수 유량 적산차,13823,
2020020710,일산정수장,4128112315,-48,㎥/h,일산(정) 능곡계통송수유량순시,5202,
2020020710,일산정수장,4128112315,4170,㎥,고양 일산(정) 일산 계통 송수 유량 적산차,13828,
2020020710,일산정수장,4128112315,1403,㎥/h,일산(정) 일산계통송수유량순시,5201,
2020020709,일산정수장,4128112315,1770,㎥,고양 일산(정) 능곡 계통 송수 유량 적산차,13823,
2020020709,일산정수장,4128112315,-48,㎥/h,일산(정) 능곡계통송수유량순시,5202,
2020020709,일산정수장,4128112315,4350,㎥,고양 일산(정) 일산 계통 송수 유량 적산차,13828,
2020020709,일산정수장,4128112315,1403,㎥/h,일산(정) 일산계통송수유량순시,5201,
2020020708,일산정수장,4128112315,830,㎥,고양 일산(정) 능곡 계통 송수 유량 적산차,13823,
2020020708,일산정수장,4128112315,-48,㎥/h,일산(정) 능곡계통송수유량순시,5202,
2020020708,일산정수장,4128112315,5240,㎥,고양 일산(정) 일산 계통 송수 유량 적산차,13828,
2020020708,일산정수장,4128112315,1403,㎥/h,일산(정) 일산계통송수유량순시,5201,
2020020707,일산정수장,4128112315,650,㎥,고양 일산(정) 능곡 계통 송수 유량 적산차,13823,
2020020707,일산정수장,4128112315,-48,㎥/h,일산(정) 능곡계통송수유량순시,5202,
2020020707,일산정수장,4128112315,5360,㎥,고양 일산(정) 일산 계통 송수 유량 적산차,13828,
2020020707,일산정수장,4128112315,1403,㎥/h,일산(정) 일산계통송수유량순시,5201,
2020020706,일산정수장,4128112315,860,㎥,고양 일산(정) 능곡 계통 송수 유량 적산차,13823,
2020020706,일산정수장,4128112315,-48,㎥/h,일산(정) 능곡계통송수유량순시,5202,
2020020706,일산정수장,4128112315,5240,㎥,고양 일산(정) 일산 계통 송수 유량 적산차,13828,
2020020706,일산정수장,4128112315,1403,㎥/h,일산(정) 일산계통송수유량순시,5201,
2020020705,일산정수장,4128112315,860,㎥,고양 일산(정) 능곡 계통 송수 유량 적산차,13823,
2020020705,일산정수장,4128112315,-48,㎥/h,일산(정) 능곡계통송수유량순시,5202,
2020020705,일산정수장,4128112315,5250,㎥,고양 일산(정) 일산 계통 송수 유량 적산차,13828,
2020020705,일산정수장,4128112315,1403,㎥/h,일산(정) 일산계통송수유량순시,5201,
2020020704,일산정수장,4128112315,870,㎥,고양 일산(정) 능곡 계통 송수 유량 적산차,13823,
2020020704,일산정수장,4128112315,-48,㎥/h,일산(정) 능곡계통송수유량순시,5202,
2020020704,일산정수장,4128112315,5260,㎥,고양 일산(정) 일산 계통 송수 유량 적산차,13828,
2020020704,일산정수장,4128112315,1403,㎥/h,일산(정) 일산계통송수유량순시,5201,
2020020703,일산정수장,4128112315,990,㎥,고양 일산(정) 능곡 계통 송수 유량 적산차,13823,
2020020703,일산정수장,4128112315,-48,㎥/h,일산(정) 능곡계통송수유량순시,5202,
2020020703,일산정수장,4128112315,5170,㎥,고양 일산(정) 일산 계통 송수 유량 적산차,13828,
2020020703,일산정수장,4128112315,1403,㎥/h,일산(정) 일산계통송수유량순시,5201,
2020020702,일산정수장,4128112315,1250,㎥,고양 일산(정) 능곡 계통 송수 유량 적산차,13823,
2020020702,일산정수장,4128112315,-48,㎥/h,일산(정) 능곡계통송수유량순시,5202,
2020020702,일산정수장,4128112315,4430,㎥,고양 일산(정) 일산 계통 송수 유량 적산차,13828,
2020020702,일산정수장,4128112315,1403,㎥/h,일산(정) 일산계통송수유량순시,5201,
2020020701,일산정수장,4128112315,1290,㎥,고양 일산(정) 능곡 계통 송수 유량 적산차,13823,
2020020701,일산정수장,4128112315,-48,㎥/h,일산(정) 능곡계통송수유량순시,5202,
2020020701,일산정수장,4128112315,4670,㎥,고양 일산(정) 일산 계통 송수 유량 적산차,13828,
2020020701,일산정수장,4128112315,1403,㎥/h,일산(정) 일산계통송수유량순시,5201,
2020020624,일산정수장,4128112315,1420,㎥,고양 일산(정) 능곡 계통 송수 유량 적산차,13823,
2020020624,일산정수장,4128112315,-48,㎥/h,일산(정) 능곡계통송수유량순시,5202,
2020020624,일산정수장,4128112315,4410,㎥,고양 일산(정) 일산 계통 송수 유량 적산차,13828,
2020020624,일산정수장,4128112315,1403,㎥/h,일산(정) 일산계통송수유량순시,5201,
2020020623,일산정수장,4128112315,1630,㎥,고양 일산(정) 능곡 계통 송수 유량 적산차,13823,
2020020623,일산정수장,4128112315,-48,㎥/h,일산(정) 능곡계통송수유량순시,5202,
2020020623,일산정수장,4128112315,3460,㎥,고양 일산(정) 일산 계통 송수 유량 적산차,13828,
2020020623,일산정수장,4128112315,1403,㎥/h,일산(정) 일산계통송수유량순시,5201,
2020020622,일산정수장,4128112315,1660,㎥,고양 일산(정) 능곡 계통 송수 유량 적산차,13823,
2020020622,일산정수장,4128112315,-48,㎥/h,일산(정) 능곡계통송수유량순시,5202,
2020020622,일산정수장,4128112315,3390,㎥,고양 일산(정) 일산 계통 송수 유량 적산차,13828,
2020020622,일산정수장,4128112315,1403,㎥/h,일산(정) 일산계통송수유량순시,5201,
2020020621,일산정수장,4128112315,1630,㎥,고양 일산(정) 능곡 계통 송수 유량 적산차,13823,
2020020621,일산정수장,4128112315,-48,㎥/h,일산(정) 능곡계통송수유량순시,5202,
2020020621,일산정수장,4128112315,3440,㎥,고양 일산(정) 일산 계통 송수 유량 적산차,13828,
2020020621,일산정수장,4128112315,1403,㎥/h,일산(정) 일산계통송수유량순시,5201,
2020020620,일산정수장,4128112315,1430,㎥,고양 일산(정) 능곡 계통 송수 유량 적산차,13823,
2020020620,일산정수장,4128112315,-48,㎥/h,일산(정) 능곡계통송수유량순시,5202,
2020020620,일산정수장,4128112315,3740,㎥,고양 일산(정) 일산 계통 송수 유량 적산차,13828,
2020020620,일산정수장,4128112315,1403,㎥/h,일산(정) 일산계통송수유량순시,5201,
2020020619,일산정수장,4128112315,1410,㎥,고양 일산(정) 능곡 계통 송수 유량 적산차,13823,
2020020619,일산정수장,4128112315,-48,㎥/h,일산(정) 능곡계통송수유량순시,5202,
2020020619,일산정수장,4128112315,3740,㎥,고양 일산(정) 일산 계통 송수 유량 적산차,13828,
2020020619,일산정수장,4128112315,1403,㎥/h,일산(정) 일산계통송수유량순시,5201,
2020020618,일산정수장,4128112315,1520,㎥,고양 일산(정) 능곡 계통 송수 유량 적산차,13823,
2020020618,일산정수장,4128112315,-48,㎥/h,일산(정) 능곡계통송수유량순시,5202,
2020020618,일산정수장,4128112315,3500,㎥,고양 일산(정) 일산 계통 송수 유량 적산차,13828,
2020020618,일산정수장,4128112315,1403,㎥/h,일산(정) 일산계통송수유량순시,5201,
2020020617,일산정수장,4128112315,1660,㎥,고양 일산(정) 능곡 계통 송수 유량 적산차,13823,
2020020617,일산정수장,4128112315,-48,㎥/h,일산(정) 능곡계통송수유량순시,5202,
2020020617,일산정수장,4128112315,4110,㎥,고양 일산(정) 일산 계통 송수 유량 적산차,13828,
2020020617,일산정수장,4128112315,1403,㎥/h,일산(정) 일산계통송수유량순시,5201,
2020020616,일산정수장,4128112315,1660,㎥,고양 일산(정) 능곡 계통 송수 유량 적산차,13823,
2020020616,일산정수장,4128112315,-48,㎥/h,일산(정) 능곡계통송수유량순시,5202,
2020020616,일산정수장,4128112315,4110,㎥,고양 일산(정) 일산 계통 송수 유량 적산차,13828,
2020020616,일산정수장,4128112315,1403,㎥/h,일산(정) 일산계통송수유량순시,5201,
2020020615,일산정수장,4128112315,1540,㎥,고양 일산(정) 능곡 계통 송수 유량 적산차,13823,
2020020615,일산정수장,4128112315,-48,㎥/h,일산(정) 능곡계통송수유량순시,5202,
2020020615,일산정수장,4128112315,4220,㎥,고양 일산(정) 일산 계통 송수 유량 적산차,13828,
2020020615,일산정수장,4128112315,1403,㎥/h,일산(정) 일산계통송수유량순시,5201,
2020020614,일산정수장,4128112315,1510,㎥,고양 일산(정) 능곡 계통 송수 유량 적산차,13823,
2020020614,일산정수장,4128112315,-48,㎥/h,일산(정) 능곡계통송수유량순시,5202,
2020020614,일산정수장,4128112315,4220,㎥,고양 일산(정) 일산 계통 송수 유량 적산차,13828,
2020020614,일산정수장,4128112315,1403,㎥/h,일산(정) 일산계통송수유량순시,5201,
2020020613,일산정수장,4128112315,1390,㎥,고양 일산(정) 능곡 계통 송수 유량 적산차,13823,
2020020613,일산정수장,4128112315,-48,㎥/h,일산(정) 능곡계통송수유량순시,5202,
2020020613,일산정수장,4128112315,4510,㎥,고양 일산(정) 일산 계통 송수 유량 적산차,13828,
2020020613,일산정수장,4128112315,1403,㎥/h,일산(정) 일산계통송수유량순시,5201,
2020020612,일산정수장,4128112315,960,㎥,고양 일산(정) 능곡 계통 송수 유량 적산차,13823,
2020020612,일산정수장,4128112315,-48,㎥/h,일산(정) 능곡계통송수유량순시,5202,
2020020612,일산정수장,4128112315,4050,㎥,고양 일산(정) 일산 계통 송수 유량 적산차,13828,
2020020612,일산정수장,4128112315,1403,㎥/h,일산(정) 일산계통송수유량순시,5201,
2020020611,일산정수장,4128112315,1040,㎥,고양 일산(정) 능곡 계통 송수 유량 적산차,13823,
2020020611,일산정수장,4128112315,-48,㎥/h,일산(정) 능곡계통송수유량순시,5202,
2020020611,일산정수장,4128112315,3780,㎥,고양 일산(정) 일산 계통 송수 유량 적산차,13828,
2020020611,일산정수장,4128112315,1403,㎥/h,일산(정) 일산계통송수유량순시,5201,
2020020610,일산정수장,4128112315,1030,㎥,고양 일산(정) 능곡 계통 송수 유량 적산차,13823,
2020020610,일산정수장,4128112315,-48,㎥/h,일산(정) 능곡계통송수유량순시,5202,
2020020610,일산정수장,4128112315,3790,㎥,고양 일산(정) 일산 계통 송수 유량 적산차,13828,
2020020610,일산정수장,4128112315,1403,㎥/h,일산(정) 일산계통송수유량순시,5201,
2020020609,일산정수장,4128112315,1040,㎥,고양 일산(정) 능곡 계통 송수 유량 적산차,13823,
2020020609,일산정수장,4128112315,-48,㎥/h,일산(정) 능곡계통송수유량순시,5202,
2020020609,일산정수장,4128112315,3810,㎥,고양 일산(정) 일산 계통 송수 유량 적산차,13828,
2020020609,일산정수장,4128112315,1403,㎥/h,일산(정) 일산계통송수유량순시,5201,
2020020608,일산정수장,4128112315,1160,㎥,고양 일산(정) 능곡 계통 송수 유량 적산차,13823,
2020020608,일산정수장,4128112315,-48,㎥/h,일산(정) 능곡계통송수유량순시,5202,
2020020608,일산정수장,4128112315,3740,㎥,고양 일산(정) 일산 계통 송수 유량 적산차,13828,
2020020608,일산정수장,4128112315,1403,㎥/h,일산(정) 일산계통송수유량순시,5201,
2020020607,일산정수장,4128112315,1460,㎥,고양 일산(정) 능곡 계통 송수 유량 적산차,13823,
2020020607,일산정수장,4128112315,-48,㎥/h,일산(정) 능곡계통송수유량순시,5202,
2020020607,일산정수장,4128112315,3500,㎥,고양 일산(정) 일산 계통 송수 유량 적산차,13828,
2020020607,일산정수장,4128112315,1403,㎥/h,일산(정) 일산계통송수유량순시,5201,
2020020606,일산정수장,4128112315,1400,㎥,고양 일산(정) 능곡 계통 송수 유량 적산차,13823,
2020020606,일산정수장,4128112315,-48,㎥/h,일산(정) 능곡계통송수유량순시,5202,
2020020606,일산정수장,4128112315,4880,㎥,고양 일산(정) 일산 계통 송수 유량 적산차,13828,
2020020606,일산정수장,4128112315,1403,㎥/h,일산(정) 일산계통송수유량순시,5201,
2020020605,일산정수장,4128112315,1440,㎥,고양 일산(정) 능곡 계통 송수 유량 적산차,13823,
2020020605,일산정수장,4128112315,-48,㎥/h,일산(정) 능곡계통송수유량순시,5202,
2020020605,일산정수장,4128112315,5040,㎥,고양 일산(정) 일산 계통 송수 유량 적산차,13828,
2020020605,일산정수장,4128112315,1403,㎥/h,일산(정) 일산계통송수유량순시,5201,
2020020604,일산정수장,4128112315,1460,㎥,고양 일산(정) 능곡 계통 송수 유량 적산차,13823,
2020020604,일산정수장,4128112315,-48,㎥/h,일산(정) 능곡계통송수유량순시,5202,
2020020604,일산정수장,4128112315,5040,㎥,고양 일산(정) 일산 계통 송수 유량 적산차,13828,
2020020604,일산정수장,4128112315,1403,㎥/h,일산(정) 일산계통송수유량순시,5201,
2020020603,일산정수장,4128112315,1470,㎥,고양 일산(정) 능곡 계통 송수 유량 적산차,13823,
2020020603,일산정수장,4128112315,-48,㎥/h,일산(정) 능곡계통송수유량순시,5202,
2020020603,일산정수장,4128112315,4830,㎥,고양 일산(정) 일산 계통 송수 유량 적산차,13828,
2020020603,일산정수장,4128112315,1403,㎥/h,일산(정) 일산계통송수유량순시,5201,
2020020602,일산정수장,4128112315,1450,㎥,고양 일산(정) 능곡 계통 송수 유량 적산차,13823,
2020020602,일산정수장,4128112315,-48,㎥/h,일산(정) 능곡계통송수유량순시,5202,
2020020602,일산정수장,4128112315,4370,㎥,고양 일산(정) 일산 계통 송수 유량 적산차,13828,
2020020602,일산정수장,4128112315,1403,㎥/h,일산(정) 일산계통송수유량순시,5201,
2020020601,일산정수장,4128112315,1400,㎥,고양 일산(정) 능곡 계통 송수 유량 적산차,13823,
2020020601,일산정수장,4128112315,-48,㎥/h,일산(정) 능곡계통송수유량순시,5202,
2020020601,일산정수장,4128112315,4530,㎥,고양 일산(정) 일산 계통 송수 유량 적산차,13828,
2020020601,일산정수장,4128112315,1403,㎥/h,일산(정) 일산계통송수유량순시,5201,
2020020524,일산정수장,4128112315,1340,㎥,고양 일산(정) 능곡 계통 송수 유량 적산차,13823,
2020020524,일산정수장,4128112315,-48,㎥/h,일산(정) 능곡계통송수유량순시,5202,
2020020524,일산정수장,4128112315,4680,㎥,고양 일산(정) 일산 계통 송수 유량 적산차,13828,
2020020524,일산정수장,4128112315,1403,㎥/h,일산(정) 일산계통송수유량순시,5201,
2020020523,일산정수장,4128112315,1110,㎥,고양 일산(정) 능곡 계통 송수 유량 적산차,13823,
2020020523,일산정수장,4128112315,-48,㎥/h,일산(정) 능곡계통송수유량순시,5202,
2020020523,일산정수장,4128112315,3970,㎥,고양 일산(정) 일산 계통 송수 유량 적산차,13828,
2020020523,일산정수장,4128112315,1403,㎥/h,일산(정) 일산계통송수유량순시,5201,
2020020522,일산정수장,4128112315,1160,㎥,고양 일산(정) 능곡 계통 송수 유량 적산차,13823,
2020020522,일산정수장,4128112315,-48,㎥/h,일산(정) 능곡계통송수유량순시,5202,
2020020522,일산정수장,4128112315,3790,㎥,고양 일산(정) 일산 계통 송수 유량 적산차,13828,
2020020522,일산정수장,4128112315,1403,㎥/h,일산(정) 일산계통송수유량순시,5201,
2020020521,일산정수장,4128112315,1100,㎥,고양 일산(정) 능곡 계통 송수 유량 적산차,13823,
2020020521,일산정수장,4128112315,-48,㎥/h,일산(정) 능곡계통송수유량순시,5202,
2020020521,일산정수장,4128112315,3840,㎥,고양 일산(정) 일산 계통 송수 유량 적산차,13828,
2020020521,일산정수장,4128112315,1403,㎥/h,일산(정) 일산계통송수유량순시,5201,
2020020520,일산정수장,4128112315,1000,㎥,고양 일산(정) 능곡 계통 송수 유량 적산차,13823,
2020020520,일산정수장,4128112315,-48,㎥/h,일산(정) 능곡계통송수유량순시,5202,
2020020520,일산정수장,4128112315,4080,㎥,고양 일산(정) 일산 계통 송수 유량 적산차,13828,
2020020520,일산정수장,4128112315,1403,㎥/h,일산(정) 일산계통송수유량순시,5201,
2020020519,일산정수장,4128112315,1000,㎥,고양 일산(정) 능곡 계통 송수 유량 적산차,13823,
2020020519,일산정수장,4128112315,-48,㎥/h,일산(정) 능곡계통송수유량순시,5202,
2020020519,일산정수장,4128112315,4050,㎥,고양 일산(정) 일산 계통 송수 유량 적산차,13828,
2020020519,일산정수장,4128112315,1403,㎥/h,일산(정) 일산계통송수유량순시,5201,
2020020518,일산정수장,4128112315,1060,㎥,고양 일산(정) 능곡 계통 송수 유량 적산차,13823,
2020020518,일산정수장,4128112315,-48,㎥/h,일산(정) 능곡계통송수유량순시,5202,
2020020518,일산정수장,4128112315,3780,㎥,고양 일산(정) 일산 계통 송수 유량 적산차,13828,
2020020518,일산정수장,4128112315,1403,㎥/h,일산(정) 일산계통송수유량순시,5201,
2020020517,일산정수장,4128112315,1150,㎥,고양 일산(정) 능곡 계통 송수 유량 적산차,13823,
2020020517,일산정수장,4128112315,-48,㎥/h,일산(정) 능곡계통송수유량순시,5202,
2020020517,일산정수장,4128112315,4420,㎥,고양 일산(정) 일산 계통 송수 유량 적산차,13828,
2020020517,일산정수장,4128112315,1403,㎥/h,일산(정) 일산계통송수유량순시,5201,
2020020516,일산정수장,4128112315,1160,㎥,고양 일산(정) 능곡 계통 송수 유량 적산차,13823,
2020020516,일산정수장,4128112315,-48,㎥/h,일산(정) 능곡계통송수유량순시,5202,
2020020516,일산정수장,4128112315,4410,㎥,고양 일산(정) 일산 계통 송수 유량 적산차,13828,
2020020516,일산정수장,4128112315,1403,㎥/h,일산(정) 일산계통송수유량순시,5201,
2020020515,일산정수장,4128112315,1150,㎥,고양 일산(정) 능곡 계통 송수 유량 적산차,13823,
2020020515,일산정수장,4128112315,-48,㎥/h,일산(정) 능곡계통송수유량순시,5202,
2020020515,일산정수장,4128112315,4410,㎥,고양 일산(정) 일산 계통 송수 유량 적산차,13828,
2020020515,일산정수장,4128112315,1403,㎥/h,일산(정) 일산계통송수유량순시,5201,
2020020514,일산정수장,4128112315,830,㎥,고양 일산(정) 능곡 계통 송수 유량 적산차,13823,
2020020514,일산정수장,4128112315,-48,㎥/h,일산(정) 능곡계통송수유량순시,5202,
2020020514,일산정수장,4128112315,5370,㎥,고양 일산(정) 일산 계통 송수 유량 적산차,13828,
2020020514,일산정수장,4128112315,1403,㎥/h,일산(정) 일산계통송수유량순시,5201,
2020020513,일산정수장,4128112315,1140,㎥,고양 일산(정) 능곡 계통 송수 유량 적산차,13823,
2020020513,일산정수장,4128112315,-48,㎥/h,일산(정) 능곡계통송수유량순시,5202,
2020020513,일산정수장,4128112315,5390,㎥,고양 일산(정) 일산 계통 송수 유량 적산차,13828,
2020020513,일산정수장,4128112315,1403,㎥/h,일산(정) 일산계통송수유량순시,5201,
2020020512,일산정수장,4128112315,1120,㎥,고양 일산(정) 능곡 계통 송수 유량 적산차,13823,
2020020512,일산정수장,4128112315,-48,㎥/h,일산(정) 능곡계통송수유량순시,5202,
2020020512,일산정수장,4128112315,3810,㎥,고양 일산(정) 일산 계통 송수 유량 적산차,13828,
2020020512,일산정수장,4128112315,1403,㎥/h,일산(정) 일산계통송수유량순시,5201,
2020020511,일산정수장,4128112315,1460,㎥,고양 일산(정) 능곡 계통 송수 유량 적산차,13823,
2020020511,일산정수장,4128112315,-48,㎥/h,일산(정) 능곡계통송수유량순시,5202,
2020020511,일산정수장,4128112315,3480,㎥,고양 일산(정) 일산 계통 송수 유량 적산차,13828,
2020020511,일산정수장,4128112315,1403,㎥/h,일산(정) 일산계통송수유량순시,5201,
2020020510,일산정수장,4128112315,970,㎥,고양 일산(정) 능곡 계통 송수 유량 적산차,13823,
2020020510,일산정수장,4128112315,-48,㎥/h,일산(정) 능곡계통송수유량순시,5202,
2020020510,일산정수장,4128112315,5120,㎥,고양 일산(정) 일산 계통 송수 유량 적산차,13828,
2020020510,일산정수장,4128112315,1403,㎥/h,일산(정) 일산계통송수유량순시,5201,
2020020509,일산정수장,4128112315,920,㎥,고양 일산(정) 능곡 계통 송수 유량 적산차,13823,
2020020509,일산정수장,4128112315,-48,㎥/h,일산(정) 능곡계통송수유량순시,5202,
2020020509,일산정수장,4128112315,5200,㎥,고양 일산(정) 일산 계통 송수 유량 적산차,13828,
2020020509,일산정수장,4128112315,1403,㎥/h,일산(정) 일산계통송수유량순시,5201,
2020020508,일산정수장,4128112315,1120,㎥,고양 일산(정) 능곡 계통 송수 유량 적산차,13823,
2020020508,일산정수장,4128112315,-48,㎥/h,일산(정) 능곡계통송수유량순시,5202,
2020020508,일산정수장,4128112315,5120,㎥,고양 일산(정) 일산 계통 송수 유량 적산차,13828,
2020020508,일산정수장,4128112315,1403,㎥/h,일산(정) 일산계통송수유량순시,5201,
2020020507,일산정수장,4128112315,1580,㎥,고양 일산(정) 능곡 계통 송수 유량 적산차,13823,
2020020507,일산정수장,4128112315,-48,㎥/h,일산(정) 능곡계통송수유량순시,5202,
2020020507,일산정수장,4128112315,4030,㎥,고양 일산(정) 일산 계통 송수 유량 적산차,13828,
2020020507,일산정수장,4128112315,1403,㎥/h,일산(정) 일산계통송수유량순시,5201,
2020020506,일산정수장,4128112315,830,㎥,고양 일산(정) 능곡 계통 송수 유량 적산차,13823,
2020020506,일산정수장,4128112315,-48,㎥/h,일산(정) 능곡계통송수유량순시,5202,
2020020506,일산정수장,4128112315,4080,㎥,고양 일산(정) 일산 계통 송수 유량 적산차,13828,
2020020506,일산정수장,4128112315,1403,㎥/h,일산(정) 일산계통송수유량순시,5201,
2020020505,일산정수장,4128112315,1380,㎥,고양 일산(정) 능곡 계통 송수 유량 적산차,13823,
2020020505,일산정수장,4128112315,-48,㎥/h,일산(정) 능곡계통송수유량순시,5202,
2020020505,일산정수장,4128112315,3750,㎥,고양 일산(정) 일산 계통 송수 유량 적산차,13828,
2020020505,일산정수장,4128112315,1403,㎥/h,일산(정) 일산계통송수유량순시,5201,
2020020504,일산정수장,4128112315,1720,㎥,고양 일산(정) 능곡 계통 송수 유량 적산차,13823,
2020020504,일산정수장,4128112315,-48,㎥/h,일산(정) 능곡계통송수유량순시,5202,
2020020504,일산정수장,4128112315,3330,㎥,고양 일산(정) 일산 계통 송수 유량 적산차,13828,
2020020504,일산정수장,4128112315,1403,㎥/h,일산(정) 일산계통송수유량순시,5201,
2020020503,일산정수장,4128112315,1760,㎥,고양 일산(정) 능곡 계통 송수 유량 적산차,13823,
2020020503,일산정수장,4128112315,-48,㎥/h,일산(정) 능곡계통송수유량순시,5202,
2020020503,일산정수장,4128112315,3280,㎥,고양 일산(정) 일산 계통 송수 유량 적산차,13828,
2020020503,일산정수장,4128112315,1403,㎥/h,일산(정) 일산계통송수유량순시,5201,
2020020502,일산정수장,4128112315,1520,㎥,고양 일산(정) 능곡 계통 송수 유량 적산차,13823,
2020020502,일산정수장,4128112315,-48,㎥/h,일산(정) 능곡계통송수유량순시,5202,
2020020502,일산정수장,4128112315,4410,㎥,고양 일산(정) 일산 계통 송수 유량 적산차,13828,
2020020502,일산정수장,4128112315,1403,㎥/h,일산(정) 일산계통송수유량순시,5201,
2020020501,일산정수장,4128112315,1580,㎥,고양 일산(정) 능곡 계통 송수 유량 적산차,13823,
2020020501,일산정수장,4128112315,-48,㎥/h,일산(정) 능곡계통송수유량순시,5202,
2020020501,일산정수장,4128112315,4980,㎥,고양 일산(정) 일산 계통 송수 유량 적산차,13828,
2020020501,일산정수장,4128112315,1403,㎥/h,일산(정) 일산계통송수유량순시,5201,
2020020424,일산정수장,4128112315,1410,㎥,고양 일산(정) 능곡 계통 송수 유량 적산차,13823,
2020020424,일산정수장,4128112315,-48,㎥/h,일산(정) 능곡계통송수유량순시,5202,
2020020424,일산정수장,4128112315,4930,㎥,고양 일산(정) 일산 계통 송수 유량 적산차,13828,
2020020424,일산정수장,4128112315,1403,㎥/h,일산(정) 일산계통송수유량순시,5201,
2020020423,일산정수장,4128112315,1020,㎥,고양 일산(정) 능곡 계통 송수 유량 적산차,13823,
2020020423,일산정수장,4128112315,-48,㎥/h,일산(정) 능곡계통송수유량순시,5202,
2020020423,일산정수장,4128112315,3920,㎥,고양 일산(정) 일산 계통 송수 유량 적산차,13828,
2020020423,일산정수장,4128112315,1403,㎥/h,일산(정) 일산계통송수유량순시,5201,
2020020422,일산정수장,4128112315,1320,㎥,고양 일산(정) 능곡 계통 송수 유량 적산차,13823,
2020020422,일산정수장,4128112315,-48,㎥/h,일산(정) 능곡계통송수유량순시,5202,
2020020422,일산정수장,4128112315,4550,㎥,고양 일산(정) 일산 계통 송수 유량 적산차,13828,
2020020422,일산정수장,4128112315,1403,㎥/h,일산(정) 일산계통송수유량순시,5201,
2020020421,일산정수장,4128112315,1470,㎥,고양 일산(정) 능곡 계통 송수 유량 적산차,13823,
2020020421,일산정수장,4128112315,-48,㎥/h,일산(정) 능곡계통송수유량순시,5202,
2020020421,일산정수장,4128112315,4270,㎥,고양 일산(정) 일산 계통 송수 유량 적산차,13828,
2020020421,일산정수장,4128112315,1403,㎥/h,일산(정) 일산계통송수유량순시,5201,
2020020420,일산정수장,4128112315,1490,㎥,고양 일산(정) 능곡 계통 송수 유량 적산차,13823,
2020020420,일산정수장,4128112315,-48,㎥/h,일산(정) 능곡계통송수유량순시,5202,
2020020420,일산정수장,4128112315,3520,㎥,고양 일산(정) 일산 계통 송수 유량 적산차,13828,
2020020420,일산정수장,4128112315,1403,㎥/h,일산(정) 일산계통송수유량순시,5201,
2020020419,일산정수장,4128112315,1570,㎥,고양 일산(정) 능곡 계통 송수 유량 적산차,13823,
2020020419,일산정수장,4128112315,-48,㎥/h,일산(정) 능곡계통송수유량순시,5202,
2020020419,일산정수장,4128112315,3370,㎥,고양 일산(정) 일산 계통 송수 유량 적산차,13828,
2020020419,일산정수장,4128112315,1403,㎥/h,일산(정) 일산계통송수유량순시,5201,
2020020418,일산정수장,4128112315,1570,㎥,고양 일산(정) 능곡 계통 송수 유량 적산차,13823,
2020020418,일산정수장,4128112315,-48,㎥/h,일산(정) 능곡계통송수유량순시,5202,
2020020418,일산정수장,4128112315,3310,㎥,고양 일산(정) 일산 계통 송수 유량 적산차,13828,
2020020418,일산정수장,4128112315,1403,㎥/h,일산(정) 일산계통송수유량순시,5201,
2020020417,일산정수장,4128112315,1540,㎥,고양 일산(정) 능곡 계통 송수 유량 적산차,13823,
2020020417,일산정수장,4128112315,-48,㎥/h,일산(정) 능곡계통송수유량순시,5202,
2020020417,일산정수장,4128112315,3320,㎥,고양 일산(정) 일산 계통 송수 유량 적산차,13828,
2020020417,일산정수장,4128112315,1403,㎥/h,일산(정) 일산계통송수유량순시,5201,
2020020416,일산정수장,4128112315,1440,㎥,고양 일산(정) 능곡 계통 송수 유량 적산차,13823,
2020020416,일산정수장,4128112315,-48,㎥/h,일산(정) 능곡계통송수유량순시,5202,
2020020416,일산정수장,4128112315,3470,㎥,고양 일산(정) 일산 계통 송수 유량 적산차,13828,
2020020416,일산정수장,4128112315,1403,㎥/h,일산(정) 일산계통송수유량순시,5201,
2020020415,일산정수장,4128112315,1610,㎥,고양 일산(정) 능곡 계통 송수 유량 적산차,13823,
2020020415,일산정수장,4128112315,-48,㎥/h,일산(정) 능곡계통송수유량순시,5202,
2020020415,일산정수장,4128112315,3960,㎥,고양 일산(정) 일산 계통 송수 유량 적산차,13828,
2020020415,일산정수장,4128112315,1403,㎥/h,일산(정) 일산계통송수유량순시,5201,
2020020414,일산정수장,4128112315,1720,㎥,고양 일산(정) 능곡 계통 송수 유량 적산차,13823,
2020020414,일산정수장,4128112315,-48,㎥/h,일산(정) 능곡계통송수유량순시,5202,
2020020414,일산정수장,4128112315,3980,㎥,고양 일산(정) 일산 계통 송수 유량 적산차,13828,
2020020414,일산정수장,4128112315,1403,㎥/h,일산(정) 일산계통송수유량순시,5201,
2020020413,일산정수장,4128112315,1700,㎥,고양 일산(정) 능곡 계통 송수 유량 적산차,13823,
2020020413,일산정수장,4128112315,-48,㎥/h,일산(정) 능곡계통송수유량순시,5202,
2020020413,일산정수장,4128112315,3870,㎥,고양 일산(정) 일산 계통 송수 유량 적산차,13828,
2020020413,일산정수장,4128112315,1403,㎥/h,일산(정) 일산계통송수유량순시,5201,
2020020412,일산정수장,4128112315,1530,㎥,고양 일산(정) 능곡 계통 송수 유량 적산차,13823,
2020020412,일산정수장,4128112315,-48,㎥/h,일산(정) 능곡계통송수유량순시,5202,
2020020412,일산정수장,4128112315,3270,㎥,고양 일산(정) 일산 계통 송수 유량 적산차,13828,
2020020412,일산정수장,4128112315,1403,㎥/h,일산(정) 일산계통송수유량순시,5201,
2020020411,일산정수장,4128112315,1460,㎥,고양 일산(정) 능곡 계통 송수 유량 적산차,13823,
2020020411,일산정수장,4128112315,-48,㎥/h,일산(정) 능곡계통송수유량순시,5202,
2020020411,일산정수장,4128112315,3370,㎥,고양 일산(정) 일산 계통 송수 유량 적산차,13828,
2020020411,일산정수장,4128112315,1403,㎥/h,일산(정) 일산계통송수유량순시,5201,
2020020410,일산정수장,4128112315,890,㎥,고양 일산(정) 능곡 계통 송수 유량 적산차,13823,
2020020410,일산정수장,4128112315,-48,㎥/h,일산(정) 능곡계통송수유량순시,5202,
2020020410,일산정수장,4128112315,4710,㎥,고양 일산(정) 일산 계통 송수 유량 적산차,13828,
2020020410,일산정수장,4128112315,1403,㎥/h,일산(정) 일산계통송수유량순시,5201,
2020020409,일산정수장,4128112315,910,㎥,고양 일산(정) 능곡 계통 송수 유량 적산차,13823,
2020020409,일산정수장,4128112315,-48,㎥/h,일산(정) 능곡계통송수유량순시,5202,
2020020409,일산정수장,4128112315,4380,㎥,고양 일산(정) 일산 계통 송수 유량 적산차,13828,
2020020409,일산정수장,4128112315,1403,㎥/h,일산(정) 일산계통송수유량순시,5201,
2020020408,일산정수장,4128112315,820,㎥,고양 일산(정) 능곡 계통 송수 유량 적산차,13823,
2020020408,일산정수장,4128112315,-48,㎥/h,일산(정) 능곡계통송수유량순시,5202,
2020020408,일산정수장,4128112315,4220,㎥,고양 일산(정) 일산 계통 송수 유량 적산차,13828,
2020020408,일산정수장,4128112315,1403,㎥/h,일산(정) 일산계통송수유량순시,5201,
2020020407,일산정수장,4128112315,790,㎥,고양 일산(정) 능곡 계통 송수 유량 적산차,13823,
2020020407,일산정수장,4128112315,-48,㎥/h,일산(정) 능곡계통송수유량순시,5202,
2020020407,일산정수장,4128112315,4670,㎥,고양 일산(정) 일산 계통 송수 유량 적산차,13828,
2020020407,일산정수장,4128112315,1403,㎥/h,일산(정) 일산계통송수유량순시,5201,
2020020406,일산정수장,4128112315,780,㎥,고양 일산(정) 능곡 계통 송수 유량 적산차,13823,
2020020406,일산정수장,4128112315,-48,㎥/h,일산(정) 능곡계통송수유량순시,5202,
2020020406,일산정수장,4128112315,4720,㎥,고양 일산(정) 일산 계통 송수 유량 적산차,13828,
2020020406,일산정수장,4128112315,1403,㎥/h,일산(정) 일산계통송수유량순시,5201,
2020020405,일산정수장,4128112315,1350,㎥,고양 일산(정) 능곡 계통 송수 유량 적산차,13823,
2020020405,일산정수장,4128112315,-48,㎥/h,일산(정) 능곡계통송수유량순시,5202,
2020020405,일산정수장,4128112315,4930,㎥,고양 일산(정) 일산 계통 송수 유량 적산차,13828,
2020020405,일산정수장,4128112315,1403,㎥/h,일산(정) 일산계통송수유량순시,5201,
2020020404,일산정수장,4128112315,1400,㎥,고양 일산(정) 능곡 계통 송수 유량 적산차,13823,
2020020404,일산정수장,4128112315,-48,㎥/h,일산(정) 능곡계통송수유량순시,5202,
2020020404,일산정수장,4128112315,4910,㎥,고양 일산(정) 일산 계통 송수 유량 적산차,13828,
2020020404,일산정수장,4128112315,1403,㎥/h,일산(정) 일산계통송수유량순시,5201,
2020020403,일산정수장,4128112315,1420,㎥,고양 일산(정) 능곡 계통 송수 유량 적산차,13823,
2020020403,일산정수장,4128112315,-48,㎥/h,일산(정) 능곡계통송수유량순시,5202,
2020020403,일산정수장,4128112315,4750,㎥,고양 일산(정) 일산 계통 송수 유량 적산차,13828,
2020020403,일산정수장,4128112315,1403,㎥/h,일산(정) 일산계통송수유량순시,5201,
2020020402,일산정수장,4128112315,1410,㎥,고양 일산(정) 능곡 계통 송수 유량 적산차,13823,
2020020402,일산정수장,4128112315,-48,㎥/h,일산(정) 능곡계통송수유량순시,5202,
2020020402,일산정수장,4128112315,4270,㎥,고양 일산(정) 일산 계통 송수 유량 적산차,13828,
2020020402,일산정수장,4128112315,1403,㎥/h,일산(정) 일산계통송수유량순시,5201,
2020020401,일산정수장,4128112315,1390,㎥,고양 일산(정) 능곡 계통 송수 유량 적산차,13823,
2020020401,일산정수장,4128112315,-48,㎥/h,일산(정) 능곡계통송수유량순시,5202,
2020020401,일산정수장,4128112315,4360,㎥,고양 일산(정) 일산 계통 송수 유량 적산차,13828,
2020020401,일산정수장,4128112315,1403,㎥/h,일산(정) 일산계통송수유량순시,5201,
2020020324,일산정수장,4128112315,1380,㎥,고양 일산(정) 능곡 계통 송수 유량 적산차,13823,
2020020324,일산정수장,4128112315,-48,㎥/h,일산(정) 능곡계통송수유량순시,5202,
2020020324,일산정수장,4128112315,4480,㎥,고양 일산(정) 일산 계통 송수 유량 적산차,13828,
2020020324,일산정수장,4128112315,1403,㎥/h,일산(정) 일산계통송수유량순시,5201,
2020020323,일산정수장,4128112315,1360,㎥,고양 일산(정) 능곡 계통 송수 유량 적산차,13823,
2020020323,일산정수장,4128112315,-48,㎥/h,일산(정) 능곡계통송수유량순시,5202,
2020020323,일산정수장,4128112315,3580,㎥,고양 일산(정) 일산 계통 송수 유량 적산차,13828,
2020020323,일산정수장,4128112315,1403,㎥/h,일산(정) 일산계통송수유량순시,5201,
2020020322,일산정수장,4128112315,1680,㎥,고양 일산(정) 능곡 계통 송수 유량 적산차,13823,
2020020322,일산정수장,4128112315,-48,㎥/h,일산(정) 능곡계통송수유량순시,5202,
2020020322,일산정수장,4128112315,4930,㎥,고양 일산(정) 일산 계통 송수 유량 적산차,13828,
2020020322,일산정수장,4128112315,1403,㎥/h,일산(정) 일산계통송수유량순시,5201,
2020020321,일산정수장,4128112315,1520,㎥,고양 일산(정) 능곡 계통 송수 유량 적산차,13823,
2020020321,일산정수장,4128112315,-48,㎥/h,일산(정) 능곡계통송수유량순시,5202,
2020020321,일산정수장,4128112315,4920,㎥,고양 일산(정) 일산 계통 송수 유량 적산차,13828,
2020020321,일산정수장,4128112315,1403,㎥/h,일산(정) 일산계통송수유량순시,5201,
2020020320,일산정수장,4128112315,1280,㎥,고양 일산(정) 능곡 계통 송수 유량 적산차,13823,
2020020320,일산정수장,4128112315,-48,㎥/h,일산(정) 능곡계통송수유량순시,5202,
2020020320,일산정수장,4128112315,3740,㎥,고양 일산(정) 일산 계통 송수 유량 적산차,13828,
2020020320,일산정수장,4128112315,1403,㎥/h,일산(정) 일산계통송수유량순시,5201,
2020020319,일산정수장,4128112315,1340,㎥,고양 일산(정) 능곡 계통 송수 유량 적산차,13823,
2020020319,일산정수장,4128112315,-48,㎥/h,일산(정) 능곡계통송수유량순시,5202,
2020020319,일산정수장,4128112315,3610,㎥,고양 일산(정) 일산 계통 송수 유량 적산차,13828,
2020020319,일산정수장,4128112315,1403,㎥/h,일산(정) 일산계통송수유량순시,5201,
2020020318,일산정수장,4128112315,1410,㎥,고양 일산(정) 능곡 계통 송수 유량 적산차,13823,
2020020318,일산정수장,4128112315,-48,㎥/h,일산(정) 능곡계통송수유량순시,5202,
2020020318,일산정수장,4128112315,3580,㎥,고양 일산(정) 일산 계통 송수 유량 적산차,13828,
2020020318,일산정수장,4128112315,1403,㎥/h,일산(정) 일산계통송수유량순시,5201,
2020020317,일산정수장,4128112315,1510,㎥,고양 일산(정) 능곡 계통 송수 유량 적산차,13823,
2020020317,일산정수장,4128112315,-48,㎥/h,일산(정) 능곡계통송수유량순시,5202,
2020020317,일산정수장,4128112315,4180,㎥,고양 일산(정) 일산 계통 송수 유량 적산차,13828,
2020020317,일산정수장,4128112315,1403,㎥/h,일산(정) 일산계통송수유량순시,5201,
2020020316,일산정수장,4128112315,1520,㎥,고양 일산(정) 능곡 계통 송수 유량 적산차,13823,
2020020316,일산정수장,4128112315,-48,㎥/h,일산(정) 능곡계통송수유량순시,5202,
2020020316,일산정수장,4128112315,4180,㎥,고양 일산(정) 일산 계통 송수 유량 적산차,13828,
2020020316,일산정수장,4128112315,1403,㎥/h,일산(정) 일산계통송수유량순시,5201,
2020020315,일산정수장,4128112315,1390,㎥,고양 일산(정) 능곡 계통 송수 유량 적산차,13823,
2020020315,일산정수장,4128112315,-48,㎥/h,일산(정) 능곡계통송수유량순시,5202,
2020020315,일산정수장,4128112315,4470,㎥,고양 일산(정) 일산 계통 송수 유량 적산차,13828,
2020020315,일산정수장,4128112315,1403,㎥/h,일산(정) 일산계통송수유량순시,5201,
2020020314,일산정수장,4128112315,1480,㎥,고양 일산(정) 능곡 계통 송수 유량 적산차,13823,
2020020314,일산정수장,4128112315,-48,㎥/h,일산(정) 능곡계통송수유량순시,5202,
2020020314,일산정수장,4128112315,4270,㎥,고양 일산(정) 일산 계통 송수 유량 적산차,13828,
2020020314,일산정수장,4128112315,1403,㎥/h,일산(정) 일산계통송수유량순시,5201,
2020020313,일산정수장,4128112315,1480,㎥,고양 일산(정) 능곡 계통 송수 유량 적산차,13823,
2020020313,일산정수장,4128112315,-48,㎥/h,일산(정) 능곡계통송수유량순시,5202,
2020020313,일산정수장,4128112315,4050,㎥,고양 일산(정) 일산 계통 송수 유량 적산차,13828,
2020020313,일산정수장,4128112315,1403,㎥/h,일산(정) 일산계통송수유량순시,5201,
2020020312,일산정수장,4128112315,1270,㎥,고양 일산(정) 능곡 계통 송수 유량 적산차,13823,
2020020312,일산정수장,4128112315,-48,㎥/h,일산(정) 능곡계통송수유량순시,5202,
2020020312,일산정수장,4128112315,3490,㎥,고양 일산(정) 일산 계통 송수 유량 적산차,13828,
2020020312,일산정수장,4128112315,1403,㎥/h,일산(정) 일산계통송수유량순시,5201,
2020020311,일산정수장,4128112315,1270,㎥,고양 일산(정) 능곡 계통 송수 유량 적산차,13823,
2020020311,일산정수장,4128112315,-48,㎥/h,일산(정) 능곡계통송수유량순시,5202,
2020020311,일산정수장,4128112315,3520,㎥,고양 일산(정) 일산 계통 송수 유량 적산차,13828,
2020020311,일산정수장,4128112315,1403,㎥/h,일산(정) 일산계통송수유량순시,5201,
2020020310,일산정수장,4128112315,1020,㎥,고양 일산(정) 능곡 계통 송수 유량 적산차,13823,
2020020310,일산정수장,4128112315,-48,㎥/h,일산(정) 능곡계통송수유량순시,5202,
2020020310,일산정수장,4128112315,4020,㎥,고양 일산(정) 일산 계통 송수 유량 적산차,13828,
2020020310,일산정수장,4128112315,1403,㎥/h,일산(정) 일산계통송수유량순시,5201,
2020020309,일산정수장,4128112315,1650,㎥,고양 일산(정) 능곡 계통 송수 유량 적산차,13823,
2020020309,일산정수장,4128112315,-48,㎥/h,일산(정) 능곡계통송수유량순시,5202,
2020020309,일산정수장,4128112315,4930,㎥,고양 일산(정) 일산 계통 송수 유량 적산차,13828,
2020020309,일산정수장,4128112315,1403,㎥/h,일산(정) 일산계통송수유량순시,5201,
2020020308,일산정수장,4128112315,1230,㎥,고양 일산(정) 능곡 계통 송수 유량 적산차,13823,
2020020308,일산정수장,4128112315,-48,㎥/h,일산(정) 능곡계통송수유량순시,5202,
2020020308,일산정수장,4128112315,5610,㎥,고양 일산(정) 일산 계통 송수 유량 적산차,13828,
2020020308,일산정수장,4128112315,1403,㎥/h,일산(정) 일산계통송수유량순시,5201,
2020020307,일산정수장,4128112315,1180,㎥,고양 일산(정) 능곡 계통 송수 유량 적산차,13823,
2020020307,일산정수장,4128112315,-48,㎥/h,일산(정) 능곡계통송수유량순시,5202,
2020020307,일산정수장,4128112315,5320,㎥,고양 일산(정) 일산 계통 송수 유량 적산차,13828,
2020020307,일산정수장,4128112315,1403,㎥/h,일산(정) 일산계통송수유량순시,5201,
2020020306,일산정수장,4128112315,1060,㎥,고양 일산(정) 능곡 계통 송수 유량 적산차,13823,
2020020306,일산정수장,4128112315,-48,㎥/h,일산(정) 능곡계통송수유량순시,5202,
2020020306,일산정수장,4128112315,4510,㎥,고양 일산(정) 일산 계통 송수 유량 적산차,13828,
2020020306,일산정수장,4128112315,1403,㎥/h,일산(정) 일산계통송수유량순시,5201,
2020020305,일산정수장,4128112315,1060,㎥,고양 일산(정) 능곡 계통 송수 유량 적산차,13823,
2020020305,일산정수장,4128112315,-48,㎥/h,일산(정) 능곡계통송수유량순시,5202,
2020020305,일산정수장,4128112315,4510,㎥,고양 일산(정) 일산 계통 송수 유량 적산차,13828,
2020020305,일산정수장,4128112315,1403,㎥/h,일산(정) 일산계통송수유량순시,5201,
2020020304,일산정수장,4128112315,1060,㎥,고양 일산(정) 능곡 계통 송수 유량 적산차,13823,
2020020304,일산정수장,4128112315,-48,㎥/h,일산(정) 능곡계통송수유량순시,5202,
2020020304,일산정수장,4128112315,4500,㎥,고양 일산(정) 일산 계통 송수 유량 적산차,13828,
2020020304,일산정수장,4128112315,1403,㎥/h,일산(정) 일산계통송수유량순시,5201,
2020020303,일산정수장,4128112315,1490,㎥,고양 일산(정) 능곡 계통 송수 유량 적산차,13823,
2020020303,일산정수장,4128112315,-48,㎥/h,일산(정) 능곡계통송수유량순시,5202,
2020020303,일산정수장,4128112315,4200,㎥,고양 일산(정) 일산 계통 송수 유량 적산차,13828,
2020020303,일산정수장,4128112315,1403,㎥/h,일산(정) 일산계통송수유량순시,5201,
2020020302,일산정수장,4128112315,1490,㎥,고양 일산(정) 능곡 계통 송수 유량 적산차,13823,
2020020302,일산정수장,4128112315,-48,㎥/h,일산(정) 능곡계통송수유량순시,5202,
2020020302,일산정수장,4128112315,4750,㎥,고양 일산(정) 일산 계통 송수 유량 적산차,13828,
2020020302,일산정수장,4128112315,1403,㎥/h,일산(정) 일산계통송수유량순시,5201,
2020020301,일산정수장,4128112315,1630,㎥,고양 일산(정) 능곡 계통 송수 유량 적산차,13823,
2020020301,일산정수장,4128112315,-48,㎥/h,일산(정) 능곡계통송수유량순시,5202,
2020020301,일산정수장,4128112315,4940,㎥,고양 일산(정) 일산 계통 송수 유량 적산차,13828,
2020020301,일산정수장,4128112315,1403,㎥/h,일산(정) 일산계통송수유량순시,5201,
2020020224,일산정수장,4128112315,1320,㎥,고양 일산(정) 능곡 계통 송수 유량 적산차,13823,
2020020224,일산정수장,4128112315,-48,㎥/h,일산(정) 능곡계통송수유량순시,5202,
2020020224,일산정수장,4128112315,5150,㎥,고양 일산(정) 일산 계통 송수 유량 적산차,13828,
2020020224,일산정수장,4128112315,1403,㎥/h,일산(정) 일산계통송수유량순시,5201,
2020020223,일산정수장,4128112315,1170,㎥,고양 일산(정) 능곡 계통 송수 유량 적산차,13823,
2020020223,일산정수장,4128112315,-48,㎥/h,일산(정) 능곡계통송수유량순시,5202,
2020020223,일산정수장,4128112315,5000,㎥,고양 일산(정) 일산 계통 송수 유량 적산차,13828,
2020020223,일산정수장,4128112315,1403,㎥/h,일산(정) 일산계통송수유량순시,5201,
2020020222,일산정수장,4128112315,1060,㎥,고양 일산(정) 능곡 계통 송수 유량 적산차,13823,
2020020222,일산정수장,4128112315,-48,㎥/h,일산(정) 능곡계통송수유량순시,5202,
2020020222,일산정수장,4128112315,4860,㎥,고양 일산(정) 일산 계통 송수 유량 적산차,13828,
2020020222,일산정수장,4128112315,1403,㎥/h,일산(정) 일산계통송수유량순시,5201,
2020020221,일산정수장,4128112315,1170,㎥,고양 일산(정) 능곡 계통 송수 유량 적산차,13823,
2020020221,일산정수장,4128112315,-48,㎥/h,일산(정) 능곡계통송수유량순시,5202,
2020020221,일산정수장,4128112315,4630,㎥,고양 일산(정) 일산 계통 송수 유량 적산차,13828,
2020020221,일산정수장,4128112315,1403,㎥/h,일산(정) 일산계통송수유량순시,5201,
2020020220,일산정수장,4128112315,1600,㎥,고양 일산(정) 능곡 계통 송수 유량 적산차,13823,
2020020220,일산정수장,4128112315,-48,㎥/h,일산(정) 능곡계통송수유량순시,5202,
2020020220,일산정수장,4128112315,4220,㎥,고양 일산(정) 일산 계통 송수 유량 적산차,13828,
2020020220,일산정수장,4128112315,1403,㎥/h,일산(정) 일산계통송수유량순시,5201,
2020020219,일산정수장,4128112315,1470,㎥,고양 일산(정) 능곡 계통 송수 유량 적산차,13823,
2020020219,일산정수장,4128112315,-48,㎥/h,일산(정) 능곡계통송수유량순시,5202,
2020020219,일산정수장,4128112315,4530,㎥,고양 일산(정) 일산 계통 송수 유량 적산차,13828,
2020020219,일산정수장,4128112315,1403,㎥/h,일산(정) 일산계통송수유량순시,5201,
2020020218,일산정수장,4128112315,1540,㎥,고양 일산(정) 능곡 계통 송수 유량 적산차,13823,
2020020218,일산정수장,4128112315,-48,㎥/h,일산(정) 능곡계통송수유량순시,5202,
2020020218,일산정수장,4128112315,4370,㎥,고양 일산(정) 일산 계통 송수 유량 적산차,13828,
2020020218,일산정수장,4128112315,1403,㎥/h,일산(정) 일산계통송수유량순시,5201,
2020020217,일산정수장,4128112315,1600,㎥,고양 일산(정) 능곡 계통 송수 유량 적산차,13823,
2020020217,일산정수장,4128112315,-48,㎥/h,일산(정) 능곡계통송수유량순시,5202,
2020020217,일산정수장,4128112315,4220,㎥,고양 일산(정) 일산 계통 송수 유량 적산차,13828,
2020020217,일산정수장,4128112315,1403,㎥/h,일산(정) 일산계통송수유량순시,5201,
2020020216,일산정수장,4128112315,1600,㎥,고양 일산(정) 능곡 계통 송수 유량 적산차,13823,
2020020216,일산정수장,4128112315,-48,㎥/h,일산(정) 능곡계통송수유량순시,5202,
2020020216,일산정수장,4128112315,4220,㎥,고양 일산(정) 일산 계통 송수 유량 적산차,13828,
2020020216,일산정수장,4128112315,1403,㎥/h,일산(정) 일산계통송수유량순시,5201,
2020020215,일산정수장,4128112315,1470,㎥,고양 일산(정) 능곡 계통 송수 유량 적산차,13823,
2020020215,일산정수장,4128112315,-48,㎥/h,일산(정) 능곡계통송수유량순시,5202,
2020020215,일산정수장,4128112315,4550,㎥,고양 일산(정) 일산 계통 송수 유량 적산차,13828,
2020020215,일산정수장,4128112315,1403,㎥/h,일산(정) 일산계통송수유량순시,5201,
2020020214,일산정수장,4128112315,1660,㎥,고양 일산(정) 능곡 계통 송수 유량 적산차,13823,
2020020214,일산정수장,4128112315,-48,㎥/h,일산(정) 능곡계통송수유량순시,5202,
2020020214,일산정수장,4128112315,4010,㎥,고양 일산(정) 일산 계통 송수 유량 적산차,13828,
2020020214,일산정수장,4128112315,1403,㎥/h,일산(정) 일산계통송수유량순시,5201,
2020020213,일산정수장,4128112315,1530,㎥,고양 일산(정) 능곡 계통 송수 유량 적산차,13823,
2020020213,일산정수장,4128112315,-48,㎥/h,일산(정) 능곡계통송수유량순시,5202,
2020020213,일산정수장,4128112315,3440,㎥,고양 일산(정) 일산 계통 송수 유량 적산차,13828,
2020020213,일산정수장,4128112315,1403,㎥/h,일산(정) 일산계통송수유량순시,5201,
2020020212,일산정수장,4128112315,1400,㎥,고양 일산(정) 능곡 계통 송수 유량 적산차,13823,
2020020212,일산정수장,4128112315,-48,㎥/h,일산(정) 능곡계통송수유량순시,5202,
2020020212,일산정수장,4128112315,3650,㎥,고양 일산(정) 일산 계통 송수 유량 적산차,13828,
2020020212,일산정수장,4128112315,1403,㎥/h,일산(정) 일산계통송수유량순시,5201,
2020020211,일산정수장,4128112315,1390,㎥,고양 일산(정) 능곡 계통 송수 유량 적산차,13823,
2020020211,일산정수장,4128112315,-48,㎥/h,일산(정) 능곡계통송수유량순시,5202,
2020020211,일산정수장,4128112315,3690,㎥,고양 일산(정) 일산 계통 송수 유량 적산차,13828,
2020020211,일산정수장,4128112315,1403,㎥/h,일산(정) 일산계통송수유량순시,5201,
2020020210,일산정수장,4128112315,1460,㎥,고양 일산(정) 능곡 계통 송수 유량 적산차,13823,
2020020210,일산정수장,4128112315,-48,㎥/h,일산(정) 능곡계통송수유량순시,5202,
2020020210,일산정수장,4128112315,3150,㎥,고양 일산(정) 일산 계통 송수 유량 적산차,13828,
2020020210,일산정수장,4128112315,1403,㎥/h,일산(정) 일산계통송수유량순시,5201,
2020020209,일산정수장,4128112315,1230,㎥,고양 일산(정) 능곡 계통 송수 유량 적산차,13823,
2020020209,일산정수장,4128112315,-48,㎥/h,일산(정) 능곡계통송수유량순시,5202,
2020020209,일산정수장,4128112315,2820,㎥,고양 일산(정) 일산 계통 송수 유량 적산차,13828,
2020020209,일산정수장,4128112315,1403,㎥/h,일산(정) 일산계통송수유량순시,5201,
2020020208,일산정수장,4128112315,860,㎥,고양 일산(정) 능곡 계통 송수 유량 적산차,13823,
2020020208,일산정수장,4128112315,-48,㎥/h,일산(정) 능곡계통송수유량순시,5202,
2020020208,일산정수장,4128112315,4350,㎥,고양 일산(정) 일산 계통 송수 유량 적산차,13828,
2020020208,일산정수장,4128112315,1403,㎥/h,일산(정) 일산계통송수유량순시,5201,
2020020207,일산정수장,4128112315,900,㎥,고양 일산(정) 능곡 계통 송수 유량 적산차,13823,
2020020207,일산정수장,4128112315,-48,㎥/h,일산(정) 능곡계통송수유량순시,5202,
2020020207,일산정수장,4128112315,4670,㎥,고양 일산(정) 일산 계통 송수 유량 적산차,13828,
2020020207,일산정수장,4128112315,1403,㎥/h,일산(정) 일산계통송수유량순시,5201,
2020020206,일산정수장,4128112315,910,㎥,고양 일산(정) 능곡 계통 송수 유량 적산차,13823,
2020020206,일산정수장,4128112315,-48,㎥/h,일산(정) 능곡계통송수유량순시,5202,
2020020206,일산정수장,4128112315,4670,㎥,고양 일산(정) 일산 계통 송수 유량 적산차,13828,
2020020206,일산정수장,4128112315,1403,㎥/h,일산(정) 일산계통송수유량순시,5201,
2020020205,일산정수장,4128112315,1020,㎥,고양 일산(정) 능곡 계통 송수 유량 적산차,13823,
2020020205,일산정수장,4128112315,-48,㎥/h,일산(정) 능곡계통송수유량순시,5202,
2020020205,일산정수장,4128112315,4590,㎥,고양 일산(정) 일산 계통 송수 유량 적산차,13828,
2020020205,일산정수장,4128112315,1403,㎥/h,일산(정) 일산계통송수유량순시,5201,
2020020204,일산정수장,4128112315,1290,㎥,고양 일산(정) 능곡 계통 송수 유량 적산차,13823,
2020020204,일산정수장,4128112315,-48,㎥/h,일산(정) 능곡계통송수유량순시,5202,
2020020204,일산정수장,4128112315,4420,㎥,고양 일산(정) 일산 계통 송수 유량 적산차,13828,
2020020204,일산정수장,4128112315,1403,㎥/h,일산(정) 일산계통송수유량순시,5201,
2020020203,일산정수장,4128112315,1290,㎥,고양 일산(정) 능곡 계통 송수 유량 적산차,13823,
2020020203,일산정수장,4128112315,-48,㎥/h,일산(정) 능곡계통송수유량순시,5202,
2020020203,일산정수장,4128112315,4420,㎥,고양 일산(정) 일산 계통 송수 유량 적산차,13828,
2020020203,일산정수장,4128112315,1403,㎥/h,일산(정) 일산계통송수유량순시,5201,
2020020202,일산정수장,4128112315,1530,㎥,고양 일산(정) 능곡 계통 송수 유량 적산차,13823,
2020020202,일산정수장,4128112315,-48,㎥/h,일산(정) 능곡계통송수유량순시,5202,
2020020202,일산정수장,4128112315,4520,㎥,고양 일산(정) 일산 계통 송수 유량 적산차,13828,
2020020202,일산정수장,4128112315,1403,㎥/h,일산(정) 일산계통송수유량순시,5201,
2020020201,일산정수장,4128112315,1630,㎥,고양 일산(정) 능곡 계통 송수 유량 적산차,13823,
2020020201,일산정수장,4128112315,-48,㎥/h,일산(정) 능곡계통송수유량순시,5202,
2020020201,일산정수장,4128112315,4270,㎥,고양 일산(정) 일산 계통 송수 유량 적산차,13828,
2020020201,일산정수장,4128112315,1403,㎥/h,일산(정) 일산계통송수유량순시,5201,
2020020124,일산정수장,4128112315,1700,㎥,고양 일산(정) 능곡 계통 송수 유량 적산차,13823,
2020020124,일산정수장,4128112315,-48,㎥/h,일산(정) 능곡계통송수유량순시,5202,
2020020124,일산정수장,4128112315,4160,㎥,고양 일산(정) 일산 계통 송수 유량 적산차,13828,
2020020124,일산정수장,4128112315,1403,㎥/h,일산(정) 일산계통송수유량순시,5201,
2020020123,일산정수장,4128112315,1830,㎥,고양 일산(정) 능곡 계통 송수 유량 적산차,13823,
2020020123,일산정수장,4128112315,-48,㎥/h,일산(정) 능곡계통송수유량순시,5202,
2020020123,일산정수장,4128112315,4090,㎥,고양 일산(정) 일산 계통 송수 유량 적산차,13828,
2020020123,일산정수장,4128112315,1403,㎥/h,일산(정) 일산계통송수유량순시,5201,
2020020122,일산정수장,4128112315,1710,㎥,고양 일산(정) 능곡 계통 송수 유량 적산차,13823,
2020020122,일산정수장,4128112315,-48,㎥/h,일산(정) 능곡계통송수유량순시,5202,
2020020122,일산정수장,4128112315,4420,㎥,고양 일산(정) 일산 계통 송수 유량 적산차,13828,
2020020122,일산정수장,4128112315,1403,㎥/h,일산(정) 일산계통송수유량순시,5201,
2020020121,일산정수장,4128112315,1820,㎥,고양 일산(정) 능곡 계통 송수 유량 적산차,13823,
2020020121,일산정수장,4128112315,-48,㎥/h,일산(정) 능곡계통송수유량순시,5202,
2020020121,일산정수장,4128112315,4130,㎥,고양 일산(정) 일산 계통 송수 유량 적산차,13828,
2020020121,일산정수장,4128112315,1403,㎥/h,일산(정) 일산계통송수유량순시,5201,
2020020120,일산정수장,4128112315,1850,㎥,고양 일산(정) 능곡 계통 송수 유량 적산차,13823,
2020020120,일산정수장,4128112315,-48,㎥/h,일산(정) 능곡계통송수유량순시,5202,
2020020120,일산정수장,4128112315,4050,㎥,고양 일산(정) 일산 계통 송수 유량 적산차,13828,
2020020120,일산정수장,4128112315,1403,㎥/h,일산(정) 일산계통송수유량순시,5201,
2020020119,일산정수장,4128112315,1740,㎥,고양 일산(정) 능곡 계통 송수 유량 적산차,13823,
2020020119,일산정수장,4128112315,-48,㎥/h,일산(정) 능곡계통송수유량순시,5202,
2020020119,일산정수장,4128112315,4350,㎥,고양 일산(정) 일산 계통 송수 유량 적산차,13828,
2020020119,일산정수장,4128112315,1403,㎥/h,일산(정) 일산계통송수유량순시,5201,
2020020118,일산정수장,4128112315,1430,㎥,고양 일산(정) 능곡 계통 송수 유량 적산차,13823,
2020020118,일산정수장,4128112315,-48,㎥/h,일산(정) 능곡계통송수유량순시,5202,
2020020118,일산정수장,4128112315,4500,㎥,고양 일산(정) 일산 계통 송수 유량 적산차,13828,
2020020118,일산정수장,4128112315,1403,㎥/h,일산(정) 일산계통송수유량순시,5201,
2020020117,일산정수장,4128112315,1160,㎥,고양 일산(정) 능곡 계통 송수 유량 적산차,13823,
2020020117,일산정수장,4128112315,-48,㎥/h,일산(정) 능곡계통송수유량순시,5202,
2020020117,일산정수장,4128112315,4540,㎥,고양 일산(정) 일산 계통 송수 유량 적산차,13828,
2020020117,일산정수장,4128112315,1403,㎥/h,일산(정) 일산계통송수유량순시,5201,
2020020116,일산정수장,4128112315,890,㎥,고양 일산(정) 능곡 계통 송수 유량 적산차,13823,
2020020116,일산정수장,4128112315,-48,㎥/h,일산(정) 능곡계통송수유량순시,5202,
2020020116,일산정수장,4128112315,4710,㎥,고양 일산(정) 일산 계통 송수 유량 적산차,13828,
2020020116,일산정수장,4128112315,1403,㎥/h,일산(정) 일산계통송수유량순시,5201,
2020020115,일산정수장,4128112315,640,㎥,고양 일산(정) 능곡 계통 송수 유량 적산차,13823,
2020020115,일산정수장,4128112315,-48,㎥/h,일산(정) 능곡계통송수유량순시,5202,
2020020115,일산정수장,4128112315,4410,㎥,고양 일산(정) 일산 계통 송수 유량 적산차,13828,
2020020115,일산정수장,4128112315,1403,㎥/h,일산(정) 일산계통송수유량순시,5201,
2020020114,일산정수장,4128112315,930,㎥,고양 일산(정) 능곡 계통 송수 유량 적산차,13823,
2020020114,일산정수장,4128112315,-48,㎥/h,일산(정) 능곡계통송수유량순시,5202,
2020020114,일산정수장,4128112315,3960,㎥,고양 일산(정) 일산 계통 송수 유량 적산차,13828,
2020020114,일산정수장,4128112315,1403,㎥/h,일산(정) 일산계통송수유량순시,5201,
2020020113,일산정수장,4128112315,1240,㎥,고양 일산(정) 능곡 계통 송수 유량 적산차,13823,
2020020113,일산정수장,4128112315,-48,㎥/h,일산(정) 능곡계통송수유량순시,5202,
2020020113,일산정수장,4128112315,3710,㎥,고양 일산(정) 일산 계통 송수 유량 적산차,13828,
2020020113,일산정수장,4128112315,1403,㎥/h,일산(정) 일산계통송수유량순시,5201,
2020020112,일산정수장,4128112315,1160,㎥,고양 일산(정) 능곡 계통 송수 유량 적산차,13823,
2020020112,일산정수장,4128112315,-48,㎥/h,일산(정) 능곡계통송수유량순시,5202,
2020020112,일산정수장,4128112315,3940,㎥,고양 일산(정) 일산 계통 송수 유량 적산차,13828,
2020020112,일산정수장,4128112315,1403,㎥/h,일산(정) 일산계통송수유량순시,5201,
2020020111,일산정수장,4128112315,1130,㎥,고양 일산(정) 능곡 계통 송수 유량 적산차,13823,
2020020111,일산정수장,4128112315,-48,㎥/h,일산(정) 능곡계통송수유량순시,5202,
2020020111,일산정수장,4128112315,3970,㎥,고양 일산(정) 일산 계통 송수 유량 적산차,13828,
2020020111,일산정수장,4128112315,1403,㎥/h,일산(정) 일산계통송수유량순시,5201,
2020020110,일산정수장,4128112315,1220,㎥,고양 일산(정) 능곡 계통 송수 유량 적산차,13823,
2020020110,일산정수장,4128112315,-48,㎥/h,일산(정) 능곡계통송수유량순시,5202,
2020020110,일산정수장,4128112315,3720,㎥,고양 일산(정) 일산 계통 송수 유량 적산차,13828,
2020020110,일산정수장,4128112315,1403,㎥/h,일산(정) 일산계통송수유량순시,5201,
2020020109,일산정수장,4128112315,1520,㎥,고양 일산(정) 능곡 계통 송수 유량 적산차,13823,
2020020109,일산정수장,4128112315,-48,㎥/h,일산(정) 능곡계통송수유량순시,5202,
2020020109,일산정수장,4128112315,3480,㎥,고양 일산(정) 일산 계통 송수 유량 적산차,13828,
2020020109,일산정수장,4128112315,1403,㎥/h,일산(정) 일산계통송수유량순시,5201,
2020020108,일산정수장,4128112315,990,㎥,고양 일산(정) 능곡 계통 송수 유량 적산차,13823,
2020020108,일산정수장,4128112315,-48,㎥/h,일산(정) 능곡계통송수유량순시,5202,
2020020108,일산정수장,4128112315,4440,㎥,고양 일산(정) 일산 계통 송수 유량 적산차,13828,
2020020108,일산정수장,4128112315,1403,㎥/h,일산(정) 일산계통송수유량순시,5201,
2020020107,일산정수장,4128112315,1070,㎥,고양 일산(정) 능곡 계통 송수 유량 적산차,13823,
2020020107,일산정수장,4128112315,-48,㎥/h,일산(정) 능곡계통송수유량순시,5202,
2020020107,일산정수장,4128112315,4540,㎥,고양 일산(정) 일산 계통 송수 유량 적산차,13828,
2020020107,일산정수장,4128112315,1403,㎥/h,일산(정) 일산계통송수유량순시,5201,
2020020106,일산정수장,4128112315,1020,㎥,고양 일산(정) 능곡 계통 송수 유량 적산차,13823,
2020020106,일산정수장,4128112315,-48,㎥/h,일산(정) 능곡계통송수유량순시,5202,
2020020106,일산정수장,4128112315,4580,㎥,고양 일산(정) 일산 계통 송수 유량 적산차,13828,
2020020106,일산정수장,4128112315,1403,㎥/h,일산(정) 일산계통송수유량순시,5201,
2020020105,일산정수장,4128112315,1110,㎥,고양 일산(정) 능곡 계통 송수 유량 적산차,13823,
2020020105,일산정수장,4128112315,-48,㎥/h,일산(정) 능곡계통송수유량순시,5202,
2020020105,일산정수장,4128112315,4510,㎥,고양 일산(정) 일산 계통 송수 유량 적산차,13828,
2020020105,일산정수장,4128112315,1403,㎥/h,일산(정) 일산계통송수유량순시,5201,
2020020104,일산정수장,4128112315,1510,㎥,고양 일산(정) 능곡 계통 송수 유량 적산차,13823,
2020020104,일산정수장,4128112315,-48,㎥/h,일산(정) 능곡계통송수유량순시,5202,
2020020104,일산정수장,4128112315,4280,㎥,고양 일산(정) 일산 계통 송수 유량 적산차,13828,
2020020104,일산정수장,4128112315,1403,㎥/h,일산(정) 일산계통송수유량순시,5201,
2020020103,일산정수장,4128112315,1620,㎥,고양 일산(정) 능곡 계통 송수 유량 적산차,13823,
2020020103,일산정수장,4128112315,-48,㎥/h,일산(정) 능곡계통송수유량순시,5202,
2020020103,일산정수장,4128112315,5070,㎥,고양 일산(정) 일산 계통 송수 유량 적산차,13828,
2020020103,일산정수장,4128112315,1403,㎥/h,일산(정) 일산계통송수유량순시,5201,
2020020102,일산정수장,4128112315,1570,㎥,고양 일산(정) 능곡 계통 송수 유량 적산차,13823,
2020020102,일산정수장,4128112315,-48,㎥/h,일산(정) 능곡계통송수유량순시,5202,
2020020102,일산정수장,4128112315,5250,㎥,고양 일산(정) 일산 계통 송수 유량 적산차,13828,
2020020102,일산정수장,4128112315,1403,㎥/h,일산(정) 일산계통송수유량순시,5201,
2020020101,일산정수장,4128112315,1580,㎥,고양 일산(정) 능곡 계통 송수 유량 적산차,13823,
2020020101,일산정수장,4128112315,-48,㎥/h,일산(정) 능곡계통송수유량순시,5202,
2020020101,일산정수장,4128112315,5030,㎥,고양 일산(정) 일산 계통 송수 유량 적산차,13828,
2020020101,일산정수장,4128112315,1403,㎥/h,일산(정) 일산계통송수유량순시,5201,
